neighbourhood,listing_count,low_confidence,neighbourhood_group,centroid_lat,centroid_lon,tour_reviews_per_month_mean,tour_reviews_per_month_median,tour_reviews_total_mean,tour_entire_home_share,tour_dist_grote_markt_km_median,tour_dist_centraal_station_km_median,tour_dist_mas_km_median,tour_dist_zoo_km_median,tour_dist_coast_km_median,host_hhi,host_share_10plus,host_top5_share,host_multilisting_share,reg_min30_share,reg_min_nights_median,tenure_months_median,tenure_supporting_listings,rev_uncapped_median,rev_capped_median,rev_supporting_listings,occ_booked_days_median,occ_zero_availability_share,rev_divergence_ratio,occ_proxy_unreliable,price_median,price_iqr,price_cv,price_gini,price_median_entire_home_apt,price_median_hotel_room,price_median_private_room,price_median_shared_room,inactivity_never_reviewed_share,inactivity_stale_since_covid_share,topic_0_loading,topic_1_loading,topic_2_loading,topic_3_loading,topic_4_loading
Amandus - Atheneum,154,False,,51.222927012987014,4.42091,1.556031746031746,0.9299999999999999,40.8051948051948,0.7792207792207793,1.5069275590366216,0.6430630728780227,1.130722885498507,0.6955230409885369,1.6386966521219208,0.013577331759149939,0.12987012987012986,0.16883116883116883,0.44805194805194803,0.025974025974025976,2.0,22.085040983606557,126,1162.5,982.25,126,298.5,0.4025974025974026,1.183507253754136,True,60.0,31.0,0.6389242707326316,0.289030328542785,65.0,,41.5,,0.18181818181818182,0.4675324675324675,0.11352186752468917,0.09874001924432206,0.058690768153030724,0.38054669615871756,0.10174740216599376
Borgerhout Extra Muros,39,True,,51.205647948717946,4.450090769230769,1.0625,0.63,23.487179487179485,0.7692307692307693,3.872569435479984,2.3992313583113956,3.969702764983169,2.3835439435083807,3.8751721400621997,0.03747534516765286,0.0,0.3076923076923077,0.3333333333333333,0.0,2.0,21.53846153846154,32,459.0,434.0,32,310.0,0.38461538461538464,1.0576036866359446,True,60.0,32.5,0.43869501251839343,0.23360566910732292,72.5,,39.0,,0.1794871794871795,0.5897435897435898,0.10773370809002247,0.09722957153394675,0.04676317789593069,0.3609954334689025,0.1821499038829925
Borgerhout Intra Muros Noord,90,True,,51.217804,4.437494,1.3387499999999999,0.745,35.65555555555556,0.5888888888888889,2.661317539760686,1.1280961913193244,2.4266691812824983,1.1660069908798314,2.886020634782499,0.01851851851851852,0.044444444444444446,0.16666666666666666,0.5222222222222223,0.011111111111111112,2.0,21.879175678095685,80,931.5,819.5,80,287.0,0.3888888888888889,1.1366687004270897,True,55.0,48.5,0.8312691527527567,0.3695304321818454,67.0,,30.0,21.0,0.1111111111111111,0.5111111111111111,0.08733357841568913,0.10108810838417001,0.06015163449079874,0.30727171011530596,0.06637719081625838
Borgerhout Intra Muros Zuid,92,True,,51.212980217391305,4.433401304347826,1.2133783783783783,0.635,33.68478260869565,0.5760869565217391,2.512854553616708,0.9490183165559652,2.531155590841027,0.9701845110279483,2.635030088698363,0.024810964083175804,0.010869565217391304,0.2391304347826087,0.4891304347826087,0.010869565217391304,2.0,28.57142857142857,74,867.75,867.75,74,238.5,0.33695652173913043,1.0,True,59.0,46.25,1.8058161796529932,0.4476878027465003,70.0,,47.0,29.0,0.1956521739130435,0.532608695652174,0.05861848080302289,0.06808820452659362,0.04713357271292784,0.327362301789083,0.10749309234228571
Brederode,80,True,,51.203569625,4.396309125,0.8510344827586207,0.46499999999999997,11.6,0.7125,1.9849295129850328,2.258801333673059,3.027868099090023,2.182252720452757,0.17648329954998657,0.026250000000000002,0.125,0.2625,0.4,0.0125,2.0,19.360776439089694,58,367.5,367.5,58,280.0,0.375,1.0,True,65.5,83.75,0.7549067497613174,0.38369344351124357,95.0,,38.0,,0.275,0.5125,0.12334268069405019,0.17414870757757608,0.08249581524662106,0.31213081232376316,0.1453819841579895
Centraal Station,134,False,,51.21565888059702,4.42105156716418,1.385,0.845,24.62686567164179,0.7611940298507462,1.5902675871825198,0.3164659760366362,1.6993654107899936,0.3386942924193046,1.6978920976273113,0.028959679215860998,0.17164179104477612,0.291044776119403,0.6119402985074627,0.0,1.0,16.333333333333336,104,745.0,727.5,104,187.0,0.208955223880597,1.0240549828178693,False,82.0,60.0,1.6726494915703911,0.39843809626860843,91.0,129.0,54.0,37.5,0.22388059701492538,0.40298507462686567,0.10432877911210174,0.03789565320244972,0.08711336959797664,0.444187050433068,0.05035574466932931
Dam,30,True,,51.23299633333333,4.427406,0.8156,0.59,12.766666666666667,0.5333333333333333,2.3936536704686127,1.8268355449110643,1.3963900075659366,1.9015904506645525,1.9773008846850617,0.10444444444444444,0.23333333333333334,0.6,0.6,0.0,1.0,16.494845360824744,25,323.0,323.0,25,365.0,0.5333333333333333,1.0,True,49.0,34.0,0.635083120063785,0.28964033729134403,75.0,,46.5,,0.16666666666666666,0.6666666666666666,0.09832360750450801,0.16255023387643722,0.06414940842824172,0.4359803623863916,0.10566305447108816
Deurne Dorp - Gallifort,10,True,,51.221798,4.462838,1.8450000000000002,1.025,68.8,0.8,4.453243938428184,2.9713458477496797,3.9636703979738854,3.0225261001012904,4.692759022613865,0.10000000000000003,0.0,0.5,0.2,0.0,1.0,25.595238095238095,8,986.5,986.5,8,329.0,0.4,1.0,True,49.0,19.5,0.46649352959277735,0.23535714285714285,54.5,,29.0,,0.2,0.4,0.007216145671571313,0.10981462896945204,0.08484382346285103,0.3057603777588042,0.09236502413732138
Deurne Noord,16,True,,51.230865625,4.452365,1.4745454545454544,1.22,23.0,0.6875,3.8746534073362024,2.6562506347420216,3.0822931225567185,2.7254046629891193,3.7845165857033507,0.0859375,0.125,0.5,0.375,0.0,2.0,12.727272727272727,11,925.0,925.0,11,326.0,0.5,1.0,True,55.0,22.5,0.42886028347451877,0.22415611814345993,60.0,,35.0,,0.3125,0.375,0.11396321127293534,0.12315836470748749,0.02869684366832875,0.2362800912295327,0.12290148912171575
Deurne Oost,9,True,,51.22287111111111,4.478104444444444,1.3128571428571427,0.28,23.333333333333332,0.4444444444444444,5.492928960571138,4.001213032483253,4.984546892396673,4.049883911907416,5.730720163828587,0.1111111111111111,0.0,0.5555555555555556,0.1111111111111111,0.0,1.0,35.981308411214954,7,840.0,795.0,7,297.0,0.4444444444444444,1.0566037735849056,True,45.0,44.0,0.6376900477024677,0.31216931216931215,77.0,,30.0,,0.2222222222222222,0.6666666666666666,0.22301274002171415,0.06478882913049049,0.00385333863020356,0.11751673657262801,0.03527280008940828
Deurne Vlieghaven,1,True,,51.19015,4.44958,0.57,0.57,4.0,1.0,4.890736684265404,3.591871193099469,5.241335329613343,3.5595760010647735,4.058357638998556,1.0,0.0,1.0,0.0,0.0,1.0,7.017543859649123,1,240.0,240.0,1,0.0,0.0,1.0,False,120.0,0.0,,,120.0,,,,0.0,0.0,0.0,0.07171895482342454,0.0,0.6693259143969363,0.2589551307796392
Deurne Zuid Oost,15,True,,51.201519999999995,4.467991333333333,0.764,0.33,14.266666666666667,0.6666666666666666,5.233568637726328,3.742237989752371,5.316431426234425,3.73493722680654,4.879429084016226,0.09333333333333335,0.0,0.4666666666666667,0.2,0.0,2.0,25.429292929292927,10,969.0,969.0,10,338.0,0.4666666666666667,1.0,True,81.0,47.0,1.5663634613445598,0.5758730158730159,94.5,,70.0,27.0,0.3333333333333333,0.6,0.043026945240551846,0.1532824594524396,0.01434364788044446,0.23179627123220087,0.024217342861029893
Deurne Zuid West,29,True,,51.20614931034483,4.460118620689655,1.1925000000000001,0.585,34.96551724137931,0.6896551724137931,4.485125043661673,2.946041076660743,4.486406554121732,2.9490738386413122,4.509172076662444,0.0535077288941736,0.1724137931034483,0.3448275862068966,0.41379310344827586,0.034482758620689655,2.0,26.299292214357937,24,515.0,479.0,24,288.0,0.3793103448275862,1.0751565762004176,True,58.0,30.0,0.40233999270689313,0.22502875442592635,60.0,,25.0,,0.1724137931034483,0.41379310344827586,0.09443647190216738,0.15271951494009037,0.032176635934093055,0.4076959660907603,0.07159210078806132
Donk,3,True,,51.27409333333333,4.4480233333333326,0.12,0.12,4.0,0.6666666666666666,6.674557671278331,6.410650339786741,5.551910263416268,6.48730309896918,3.713403137922713,0.3333333333333333,0.0,1.0,0.3333333333333333,0.3333333333333333,2.0,36.36363636363637,3,560.0,312.5,3,365.0,0.6666666666666666,1.792,True,70.0,48.0,0.6451317645430652,0.2857142857142857,97.5,,29.0,,0.0,1.0,0.039902602894054694,0.09790538092703599,0.2379400358024876,0.40048045157510653,0.22377152880131523
Eilandje,87,True,,51.23113643678161,4.409883333333333,1.0019178082191782,0.45,24.816091954022987,0.9080459770114943,1.3527941558231176,1.7572836003947072,0.3484680859221292,1.7979935354721794,0.8771259423373284,0.02972651605231867,0.11494252873563218,0.28735632183908044,0.3793103448275862,0.022988505747126436,2.0,16.666666666666668,73,1560.0,1340.0,73,275.0,0.3218390804597701,1.164179104477612,True,120.0,110.0,1.341441987033168,0.5540161989480868,120.0,,50.0,,0.16091954022988506,0.45977011494252873,0.07697712991371004,0.11690047385203454,0.13057352953991427,0.36807624188362664,0.12356457883370305
Ekeren Centrum,7,True,,51.28380571428572,4.421745714285715,1.4919999999999998,1.01,26.428571428571427,0.42857142857142855,7.3585757710064845,7.4556977540352305,6.27567182541969,7.526743976946479,3.6142634476101607,0.22448979591836732,0.0,1.0,0.5714285714285714,0.0,1.0,25.233644859813083,5,412.5,412.5,5,246.0,0.42857142857142855,1.0,True,49.0,58.0,0.6769240412650586,0.3359724612736661,49.0,,44.0,,0.2857142857142857,0.42857142857142855,0.04568707052085525,0.08667140971907528,0.040082827955510034,0.41150741582257855,0.13033699026769516
Groenenhoek,24,True,,51.19841125,4.441662083333333,0.8282352941176471,0.51,17.166666666666668,0.6666666666666666,3.820158824757728,2.513159718898086,4.159436784884974,2.479137674762371,3.270440521620184,0.04861111111111112,0.0,0.2916666666666667,0.2916666666666667,0.08333333333333333,2.0,30.113636363636363,17,885.0,750.0,17,275.0,0.2916666666666667,1.18,False,50.0,31.25,0.5453704740622509,0.27457567185289955,54.5,,40.0,,0.2916666666666667,0.4583333333333333,0.03901582645549484,0.09874725758053958,0.11260212456954714,0.43611536565418874,0.06351942574022972
Haringrode,49,True,,51.20334714285715,4.4223459183673475,1.0585714285714285,0.7649999999999999,24.408163265306122,0.6938775510204082,2.529056284740278,1.6074256025626048,3.1162427471112704,1.5454369014019658,1.9213513543723046,0.024573094543940018,0.10204081632653061,0.20408163265306123,0.2653061224489796,0.02040816326530612,2.0,19.627329192546583,42,497.5,497.5,42,282.0,0.3673469387755102,1.0,True,66.0,49.0,0.9468385862413949,0.37222524435397547,77.0,,50.0,,0.14285714285714285,0.5306122448979592,0.07322207045280914,0.12961777701211288,0.0784162068655184,0.3268377129600315,0.12660011026054852
Harmonie,68,True,,51.20577823529412,4.4071733823529415,1.2994444444444444,0.635,25.808823529411764,0.7941176470588235,1.644465225551286,1.5580579238456795,2.5392417505877827,1.4818872414489948,0.8137315143675709,0.02032871972318339,0.058823529411764705,0.17647058823529413,0.39705882352941174,0.04411764705882353,2.0,25.472972972972972,54,1340.0,1340.0,54,304.0,0.39705882352941174,1.0,True,71.0,36.25,0.6861875430107856,0.3230433074732397,77.5,,40.0,,0.20588235294117646,0.4264705882352941,0.14473083204002693,0.10542372176285991,0.06524533770952876,0.3283279595125507,0.16509567838679834
Historisch Centrum,290,False,,51.22153003448276,4.401560413793104,1.9279268292682925,1.12,41.779310344827586,0.8310344827586207,0.2955926794114555,1.4998242080366815,1.0520959352630066,1.4876647794917197,0.3860977275049276,0.011486325802615932,0.1724137931034483,0.15862068965517243,0.6241379310344828,0.013793103448275862,1.0,16.666666666666668,246,1260.0,1206.75,246,257.0,0.35172413793103446,1.0441267868241144,True,80.0,50.0,2.0521769476294414,0.5483361681713115,85.0,147.5,60.0,70.0,0.15172413793103448,0.3793103448275862,0.14887461285283518,0.07813934014949701,0.20916159386918282,0.17698229197064344,0.18684216115784155
Hoboken - Centrum,13,True,,51.17447461538461,4.355064615384615,0.881,0.66,18.923076923076923,0.5384615384615384,6.215310801348119,6.786667459624738,7.336432594158082,6.708333773618685,3.1418225952454883,0.13609467455621305,0.07692307692307693,0.6923076923076923,0.6153846153846154,0.0,2.0,25.0,10,597.5,597.5,10,332.0,0.38461538461538464,1.0,True,69.0,30.0,1.3350787725737767,0.4472339804408116,70.0,,62.0,,0.23076923076923078,0.46153846153846156,0.07131560797699513,0.15070377519973283,0.04559044961457875,0.3658141836973543,0.058883675819031284
Hoboken - Noord,6,True,,51.18320166666666,4.362215,0.3433333333333333,0.27,8.666666666666666,0.5,5.099286402607132,5.739105281948386,6.220431458690095,5.66330223093868,2.2142653106463706,0.22222222222222227,0.0,1.0,0.5,0.0,2.0,21.20754716981132,6,510.0,485.0,6,49.0,0.16666666666666666,1.0515463917525774,False,61.5,67.0,0.5936146733898319,0.2908902691511387,68.0,,45.0,,0.0,1.0,0.16690002160411288,0.0,0.0,0.16643331172922046,0.0
Hoboken - West,1,True,,51.18489,4.34611,1.02,1.02,36.0,0.0,5.491070839733616,6.358087643378893,6.598971490724362,6.286004497351957,3.109002589177231,1.0,0.0,1.0,0.0,0.0,1.0,35.294117647058826,1,630.0,630.0,1,365.0,1.0,1.0,True,35.0,0.0,,,,,35.0,,0.0,1.0,0.11835070117284197,0.16915635495373318,0.06292500273796837,0.4993329137429725,0.150235027392484
Hoboken - Zuidoost,1,True,,51.16984,4.36498,,,0.0,1.0,6.192068848089875,6.571953273851407,7.30128821246991,6.493497115466009,2.8392595894678156,1.0,1.0,1.0,1.0,0.0,3.0,,0,,,0,2.0,0.0,,False,170.0,0.0,,,170.0,,,,1.0,0.0,0.0,0.07171895482342454,0.0,0.6693259143969363,0.2589551307796392
Hoogte,19,True,,51.17738631578947,4.398967368421053,0.8466666666666666,0.42,14.947368421052632,0.631578947368421,5.100130457748085,4.842573664565141,6.054635655716015,4.7670948421760055,1.8223371387678509,0.08587257617728532,0.0,0.5263157894736842,0.631578947368421,0.0,2.0,19.18819188191882,15,882.0,882.0,15,185.0,0.3684210526315789,1.0,True,90.0,53.0,0.40358134798600626,0.22041974320736188,99.0,,49.0,,0.21052631578947367,0.5263157894736842,0.08853252338468615,0.16778541885525108,0.00650295265145293,0.389938211092043,0.13671457822709315
Kiel,20,True,,51.185533,4.3829605,0.7525000000000001,0.5700000000000001,10.9,0.65,4.21063383085875,4.435484643762363,5.268448355320798,4.35959709752582,0.893597203139856,0.07,0.0,0.45,0.55,0.05,2.5,19.624542124542124,16,343.75,343.75,16,242.5,0.1,1.0,False,60.0,21.25,0.37732079334125534,0.19714394516374714,70.0,,55.0,50.0,0.2,0.45,0.024003286523975598,0.04077172380352066,0.12347338550659256,0.33623381535954394,0.17551778880636723
Koornbloem,1,True,,51.16516,4.3819,,,0.0,1.0,6.34272398955878,6.407963738500313,7.3995048784404025,6.329768385225474,2.8191022645991795,1.0,0.0,1.0,0.0,0.0,2.0,,0,,,0,354.0,0.0,,False,450.0,0.0,,,450.0,,,,1.0,0.0,0.005280370477246216,0.04711186153418735,0.17486923967227233,0.035723225555027285,0.7370153027612668
Lambrechtshoeken,1,True,,51.2556,4.43384,,,0.0,0.0,4.512817263240392,4.35684013173159,3.390336382984018,4.430617042714108,2.0096165502614753,1.0,0.0,1.0,0.0,0.0,1.0,,0,,,0,365.0,1.0,,True,50.0,0.0,,,,,50.0,,1.0,0.0,0.0,0.0,0.0,0.0,0.0
Leugenberg,1,True,,51.30268,4.41292,1.32,1.32,22.0,0.0,9.117814682046992,9.523254112835343,8.132219334138536,9.587365643752454,5.330395856262389,1.0,0.0,1.0,0.0,0.0,2.0,16.666666666666664,1,660.0,660.0,1,287.0,0.0,1.0,False,30.0,0.0,,,,,30.0,,0.0,1.0,0.0,0.0,0.0,0.0,0.0
Linkeroever,17,True,,51.22252117647059,4.379647647058824,1.3575,0.745,22.470588235294116,0.6470588235294118,1.3942726071362996,2.806702206714765,2.1107967311290303,2.799205411418343,0.9811140157985097,0.06574394463667821,0.058823529411764705,0.35294117647058826,0.17647058823529413,0.058823529411764705,1.0,28.971238938053098,12,748.5,606.25,12,181.0,0.11764705882352941,1.234639175257732,False,80.0,55.0,0.4900057906522136,0.26269272316606107,80.0,,43.0,,0.29411764705882354,0.35294117647058826,0.016766122024434768,0.17088476356786253,0.07597497853388019,0.17348775525389498,0.15112167473757462
Luchtbal,1,True,,51.2574,4.423,0.16,0.16,1.0,1.0,4.35010581525271,4.4714298892882045,3.254000991828701,4.539343942610996,1.281668325179871,1.0,0.0,1.0,0.0,1.0,60.0,6.25,1,1050.0,87.5,1,252.0,0.0,12.0,False,35.0,0.0,,,35.0,,,,0.0,1.0,0.3169958867387051,0.09822652330471232,0.0008536020464062476,0.3960717687542379,0.18785221915593833
Markgrave,51,True,,51.19728333333334,4.404608235294117,0.6973333333333334,0.49,14.019607843137255,0.7647058823529411,2.6985047572299394,2.506544437624826,3.658011341625859,2.4293580711507476,0.8837534496929015,0.0572856593617839,0.21568627450980393,0.3333333333333333,0.35294117647058826,0.0196078431372549,2.0,23.157894736842106,45,588.0,580.0,45,331.0,0.45098039215686275,1.013793103448276,True,69.0,71.5,0.6977952234222029,0.3576722003507923,80.0,,43.0,19.0,0.11764705882352941,0.6078431372549019,0.10540602598154575,0.10739431670117094,0.08665687815067372,0.44149681242346345,0.10218322164510689
Merksem - Heide,6,True,,51.25396333333333,4.45566,0.9624999999999999,0.795,14.333333333333334,1.0,5.441350254333923,4.7916438884970205,4.376455504966809,4.869977603781866,3.6224259962575704,0.16666666666666669,0.0,0.8333333333333334,0.0,0.0,1.0,32.20647773279352,4,895.0,895.0,4,365.0,0.6666666666666666,1.0,True,65.0,31.75,0.3623758582363418,0.18678915135608049,65.0,,,,0.3333333333333333,0.5,0.019593542268529936,0.05412612147371912,0.011407485080756572,0.20528821673185207,0.0429179677784756
Middelheim,15,True,,51.183465999999996,4.395613333333333,0.9078571428571429,0.575,13.533333333333333,0.4666666666666667,4.210645713967198,4.18579633844193,5.209349498805874,4.107332044524908,0.7987917297700801,0.09333333333333335,0.0,0.4666666666666667,0.26666666666666666,0.0,2.0,15.8008658008658,14,317.5,317.5,14,277.0,0.4,1.0,True,65.0,41.0,0.4347349177010617,0.23975782038345106,75.0,,57.5,,0.06666666666666667,0.6,0.18404177360531584,0.049459162711162644,0.03790170372146979,0.33280680031830356,0.12912389297708152
Neerland,2,True,,51.16202,4.38852,1.11,1.11,18.5,0.5,6.61544440247703,6.549680677164837,7.64118103916277,6.472575077381415,3.1129554240692836,0.5,0.0,1.0,0.5,0.0,1.0,14.42652329749104,2,449.5,449.5,2,320.0,0.5,1.0,True,43.5,6.5,0.2113192679408073,0.07471264367816093,37.0,,50.0,,0.0,0.5,0.0,0.0,0.0,0.0,0.0
Nieuw - Kwartier Oost,17,True,,51.18394647058823,4.435538823529412,1.1786666666666668,1.37,18.058823529411764,0.5294117647058824,5.098645284687292,3.9967458331612598,5.610171196538499,3.9477801641064447,3.249838867520058,0.058823529411764705,0.0,0.29411764705882354,0.23529411764705882,0.0,1.0,17.51824817518248,15,600.0,600.0,15,202.0,0.23529411764705882,1.0,False,50.0,58.0,0.5436695701605881,0.29602710194025256,89.0,,32.5,,0.11764705882352941,0.47058823529411764,0.06145764755112437,0.11547808593999362,0.10983161975210859,0.4152485154328365,0.12151354308864283
Nieuw - Kwartier West,7,True,,51.18439,4.426185714285714,0.836,0.94,9.0,0.7142857142857143,4.671560198254805,3.7983853105454664,5.339371060736171,3.7387697997300435,2.601058284414436,0.14285714285714285,0.0,0.7142857142857143,0.2857142857142857,0.14285714285714285,2.0,17.02127659574468,5,480.0,480.0,5,314.0,0.2857142857142857,1.0,False,55.0,25.0,1.0624021013025486,0.4175824175824176,55.0,,42.5,,0.2857142857142857,0.14285714285714285,0.02008891160388896,0.2940273640331278,0.09905512121054745,0.3189112645839998,0.1250601957112932
Nieuw - Zuid,11,True,,51.20455545454545,4.385472727272727,0.7842857142857144,0.24,12.363636363636363,0.9090909090909091,2.0043349536228448,2.916476671786621,3.126536532254697,2.8487704525841857,0.7366135425595983,0.2727272727272727,0.18181818181818182,0.9090909090909091,0.6363636363636364,0.09090909090909091,5.0,33.333333333333336,7,750.0,500.0,7,303.0,0.36363636363636365,1.5,True,80.0,49.0,0.5507750645436272,0.27780543662252316,82.5,,25.0,,0.36363636363636365,0.6363636363636364,0.04504035765488876,0.04920828321986998,0.052071082359222025,0.4388657430880676,0.05117817004158802
Nieuwdreef,1,True,,51.24358,4.43553,0.27,0.27,13.0,1.0,3.5315595283710017,3.093927388834518,2.4462241907158795,3.1705219395993787,2.348797999517798,1.0,0.0,1.0,0.0,0.0,1.0,48.148148148148145,1,487.5,487.5,1,365.0,1.0,1.0,True,75.0,0.0,,,75.0,,,,0.0,1.0,0.07249210413610281,0.1374964594071583,0.033831425372010164,0.645428658267434,0.11075135281729466
Oosterveld - Elsdonk,12,True,,51.174170000000004,4.424976666666667,1.001,0.325,16.5,0.5,5.539953798591286,4.814917997366431,6.2724722848782815,4.749954933504877,3.016013776342689,0.125,0.0,0.5833333333333334,0.3333333333333333,0.0,2.0,35.27590090090091,10,544.25,544.25,10,313.0,0.3333333333333333,1.0,True,57.0,33.75,1.7288309440258136,0.5482986344302664,79.5,,55.0,,0.16666666666666666,0.5833333333333334,0.10852203470674902,0.1140837407530913,0.03267273742660222,0.24624827127504076,0.16513988250518338
Oud - Berchem,66,True,,51.19837075757576,4.424531212121212,1.0054901960784315,0.52,29.060606060606062,0.48484848484848486,3.149012038641298,2.099892963700565,3.672825034493787,2.0463653346581987,2.1347338406827117,0.06795224977043156,0.22727272727272727,0.36363636363636365,0.5303030303030303,0.045454545454545456,1.0,43.00847457627119,51,680.0,680.0,51,213.0,0.3484848484848485,1.0,True,55.0,44.5,1.6076808763028647,0.49706221802539086,74.0,33.0,49.0,41.5,0.22727272727272727,0.48484848484848486,0.0751252528021456,0.10623170250648292,0.08661215915995059,0.2504454590332107,0.1331005780133617
Oud - Merksem,14,True,,51.24024214285714,4.441085,1.4646153846153847,0.79,31.285714285714285,0.35714285714285715,3.5357693378054247,2.797618999450403,2.5300127375501202,2.8762724763121437,2.797696855465931,0.1326530612244898,0.0,0.5714285714285714,0.35714285714285715,0.0,2.0,20.318725099601597,13,450.0,450.0,13,330.5,0.42857142857142855,1.0,True,25.0,23.75,1.2485598290806041,0.4518704878582367,45.0,,22.0,,0.07142857142857142,0.21428571428571427,0.04042141217373393,0.20508144229688316,0.05563816851646264,0.22903969858675316,0.25553356414045275
Petroleum - Zuid,3,True,,51.19411333333333,4.38807,0.845,0.845,26.333333333333332,0.3333333333333333,2.9974917091807183,3.2192170127550455,4.052893667741033,3.140981812043679,0.11021353126775656,0.3333333333333333,0.0,1.0,0.0,0.0,3.0,31.211300309597522,2,2922.5,2922.5,2,365.0,0.6666666666666666,1.0,True,50.0,12.5,0.24052284646041733,0.10101010101010101,50.0,,57.5,,0.3333333333333333,0.3333333333333333,0.04868344695475909,0.028561486273466354,0.0,0.5757658206109775,0.34698924616079707
Polder,1,True,,51.3494,4.34242,0.4,0.4,21.0,1.0,14.812063968010571,15.692756835188158,14.089196460720787,15.740782637861289,11.365634443379076,1.0,0.0,1.0,0.0,0.0,2.0,52.5,1,8925.0,8925.0,1,108.0,0.0,1.0,False,425.0,0.0,,,425.0,,,,0.0,0.0,0.0,0.0,0.0,0.0,0.0
Rivierenhof,4,True,,51.2136425,4.46358,0.16,0.1,2.5,0.25,4.544063913982262,2.973933610208606,4.261338123499675,3.001478034496599,4.71206303525241,0.375,0.0,1.0,0.75,0.0,2.0,40.0,3,128.0,128.0,3,190.5,0.5,1.0,True,41.5,20.5,0.3330863282358091,0.1527777777777778,64.0,,33.0,,0.25,0.75,0.0010635936991751254,0.0,0.0,0.9989364063008248,0.0
Schoonbroek-Rozemaai,1,True,,51.27226,4.41245,0.28,0.28,1.0,1.0,5.7575471875262805,6.154015697210179,4.7519494490532,6.216350095395636,1.9881220185788566,1.0,0.0,1.0,0.0,0.0,1.0,3.571428571428571,1,32.5,32.5,1,120.0,0.0,1.0,False,65.0,0.0,,,65.0,,,,0.0,0.0,0.036363003657728425,0.9502550155508968,0.013381980791374874,0.0,0.0
Sint-Andries,93,True,,51.21547064516129,4.397583333333333,1.4277333333333333,0.87,34.1505376344086,0.8924731182795699,0.6424151050108837,1.6301994777001447,1.741465789540242,1.5768360039006064,0.1991931515175844,0.020696034223609657,0.12903225806451613,0.22580645161290322,0.5161290322580645,0.010752688172043012,2.0,23.636363636363633,75,1350.0,1278.0,75,256.0,0.3763440860215054,1.056338028169014,True,90.0,55.0,1.9241099562338675,0.5247259179825235,90.0,,64.0,,0.1935483870967742,0.44086021505376344,0.16748081611355622,0.0713174151338014,0.15529067098932453,0.226064194423384,0.1862985162431597
Stadspark,184,False,,51.208339728260874,4.414214184782609,1.0863636363636364,0.64,20.53804347826087,0.8532608695652174,1.8132775453182173,1.1707875447705436,2.469247041607989,1.0927233403578014,1.3129311467451459,0.04897211720226843,0.375,0.3804347826086957,0.6521739130434783,0.03804347826086957,2.0,15.384615384615383,143,999.0,910.0,143,283.5,0.3695652173913043,1.097802197802198,True,79.0,86.25,1.7693829251592808,0.6492611107999948,87.0,,35.0,,0.22282608695652173,0.44565217391304346,0.26069935404828337,0.052735002026434254,0.14430366321645205,0.25777311663189306,0.13774973364215468
Stuivenberg,81,True,,51.22345864197531,4.431723950617283,1.2262337662337663,0.7,39.77777777777778,0.6419753086419753,2.2014279255617675,1.1281205962174379,1.7939846984703058,1.1978631563749422,2.3916993982544805,0.018442310623380573,0.0,0.1728395061728395,0.35802469135802467,0.037037037037037035,2.0,25.974025974025974,77,1125.0,1125.0,77,319.0,0.4444444444444444,1.0,True,50.0,37.0,0.7623186753525986,0.3423251935244104,65.0,,35.5,20.0,0.04938271604938271,0.6296296296296297,0.14195539957793327,0.14670942964926556,0.04738941935170859,0.2524224881071019,0.09053560899300304
Tentoonstellingswijk,5,True,,51.190218,4.3927320000000005,1.4025,1.3250000000000002,28.8,0.4,3.2783906549583883,3.4083928616866555,4.3181828079352975,3.3297235734169393,0.22542643921195157,0.20000000000000004,0.0,1.0,0.0,0.0,2.0,23.66202169085701,4,2385.0,2385.0,4,365.0,0.6,1.0,True,55.0,39.0,0.5885758803759185,0.29225589225589227,92.5,,35.0,,0.2,0.6,0.13475906020365352,0.4116760727632043,0.0,0.4192811239754561,0.03428374305768611
Theaterbuurt-Meir,193,False,,51.21577652849741,4.407685077720207,1.5580124223602485,0.99,31.875647668393782,0.9222797927461139,0.9330641917330058,1.00635852425571,1.5391913207253016,0.9783684475933443,0.8206927280320936,0.023114714488979563,0.29533678756476683,0.27979274611398963,0.5595854922279793,0.0051813471502590676,1.0,15.384615384615383,161,820.0,820.0,161,224.0,0.33678756476683935,1.0,True,89.0,55.0,1.8814352760564608,0.6093004835107236,90.0,,45.0,,0.16580310880829016,0.35751295336787564,0.15075752711685794,0.06294646933606161,0.18790956141676537,0.2569683880888019,0.11343877943011416
Tuinwijk,2,True,,51.26608,4.457364999999999,3.005,3.005,90.5,0.0,6.413111904797041,5.984166111111852,5.298075055582426,6.062252057869364,3.8494486099177543,1.0,0.0,1.0,1.0,0.0,1.0,30.250624873336484,2,1069.75,1069.75,2,275.0,0.5,1.0,True,23.5,1.5,0.09026895078977201,0.031914893617021274,,,23.5,,0.0,0.5,0.0,0.0,0.0,0.0,0.0
Universiteitsbuurt,132,False,,51.2224975,4.409472272727273,1.932543859649123,1.07,51.95454545454545,0.75,0.6896614627485783,1.0682380902843114,0.8685628805317364,1.0667165015855806,0.8740395791928871,0.013888888888888888,0.13636363636363635,0.16666666666666666,0.4166666666666667,0.007575757575757576,2.0,23.748006379585327,114,1723.75,1542.5,114,276.0,0.42424242424242425,1.1175040518638575,True,65.0,49.5,1.9863920625073208,0.5387926859976369,75.0,65.0,45.0,85.0,0.13636363636363635,0.4166666666666667,0.19814680610982374,0.05862270225621321,0.10029598394693559,0.20585197672060707,0.14920374308763254
Valaar,5,True,,51.181166000000005,4.382890000000001,0.77,0.79,19.6,0.8,4.542281120405002,4.822022949449078,5.629687713205347,4.743454341652455,1.0891677097997725,0.20000000000000004,0.0,1.0,0.4,0.0,2.0,33.0026455026455,4,736.25,736.25,4,78.0,0.2,1.0,False,80.0,35.0,0.2915153325534877,0.1371757925072046,82.5,,45.0,,0.2,0.4,0.0,0.1546673502541091,0.0,0.0386210996945084,0.006711550051382515
Wilrijk Centrum,7,True,,51.17013857142857,4.390531428571428,0.6771428571428572,0.56,17.285714285714285,0.5714285714285714,5.4491492988021974,5.427419940827249,6.478721014145832,5.349576061363268,1.951585497370856,0.14285714285714285,0.0,0.7142857142857143,0.42857142857142855,0.14285714285714285,2.0,23.423423423423422,7,1300.0,1200.0,7,364.0,0.42857142857142855,1.0833333333333333,True,62.0,30.5,0.46432981205490886,0.23593590180702353,63.5,,25.0,,0.0,0.7142857142857143,0.06719430190636269,0.18230538746467614,0.0032441414444740334,0.36549971667219744,0.3817564525122896
Zuid,155,False,,51.2090275483871,4.3937446451612905,0.8500833333333334,0.445,18.574193548387097,0.8258064516129032,1.416349527812768,2.095901181933275,2.4884570952958267,2.036190604390622,0.2364608225613801,0.014276795005202913,0.0967741935483871,0.16774193548387098,0.4129032258064516,0.04516129032258064,2.0,24.72222222222222,120,905.0,808.5,120,315.0,0.432258064516129,1.119356833642548,True,80.0,49.5,0.7542644697562505,0.35363821514534344,81.5,,59.5,18.0,0.22580645161290322,0.535483870967742,0.06321696064453312,0.2003124974574587,0.06443876958992036,0.325842415241053,0.12038290545413162
Zurenborg,45,True,,51.20823333333333,4.428873777777778,0.8581081081081081,0.57,16.533333333333335,0.6222222222222222,2.476841065058715,1.1389828072917618,2.781930385501534,1.098539605012082,2.3109197841807285,0.026172839506172843,0.0,0.2,0.2,0.06666666666666667,2.0,23.444976076555026,37,665.0,665.0,37,344.0,0.4888888888888889,1.0,True,65.0,35.0,1.118168815218654,0.38153980752405947,70.0,,40.0,44.5,0.17777777777777778,0.6222222222222222,0.0626087067687117,0.11217836439404198,0.034944151536343386,0.43259309494261655,0.11323123791384189
