neighbourhood,listing_count,low_confidence,neighbourhood_group,centroid_lat,centroid_lon,tour_reviews_per_month_mean,tour_reviews_per_month_median,tour_reviews_total_mean,tour_entire_home_share,tour_dist_dam_square_km_median,tour_dist_rijksmuseum_km_median,tour_dist_anne_frank_km_median,tour_dist_vondelpark_km_median,tour_dist_coast_km_median,host_hhi,host_share_10plus,host_top5_share,host_multilisting_share,reg_min30_share,reg_min_nights_median,tenure_months_median,tenure_supporting_listings,rev_uncapped_median,rev_capped_median,rev_supporting_listings,occ_booked_days_median,occ_zero_availability_share,rev_divergence_ratio,occ_proxy_unreliable,price_median,price_iqr,price_cv,price_gini,price_median_entire_home_apt,price_median_hotel_room,price_median_private_room,price_median_shared_room,inactivity_never_reviewed_share,inactivity_stale_since_covid_share,topic_0_loading,topic_1_loading,topic_2_loading,topic_3_loading,topic_4_loading
Bijlmer-Centrum,112,False,,52.31767616071429,4.950300625,1.1270652173913043,0.55,26.0625,0.49107142857142855,7.1816066378209715,6.3348270952794365,7.7193758596177195,6.998004258259204,7.4360217643784425,0.012755102040816323,0.008928571428571428,0.13392857142857142,0.3125,0.008928571428571428,2.0,22.400960384153663,92,777.0,761.0,92,365.0,0.5714285714285714,1.0210249671484888,True,80.0,65.0,0.6945044197686907,0.3207561981214504,102.0,,55.0,,0.17857142857142858,0.5357142857142857,0.1832826261839902,0.36494974701949995,0.1209248734133258,0.1086201643188602,0.061508303350038096
Bijlmer-Oost,102,False,,52.32045774509805,4.975819705882353,0.9337777777777778,0.475,25.65686274509804,0.4215686274509804,8.107455758948944,7.537669605388662,8.686778906485207,8.346403056529379,7.592092380691208,0.014994232987312572,0.0,0.13725490196078433,0.3137254901960784,0.029411764705882353,2.0,29.305555555555557,90,1137.0,952.0,90,365.0,0.5784313725490197,1.194327731092437,True,80.0,64.5,0.7530921979866357,0.3280701959614511,120.0,,59.0,,0.11764705882352941,0.6078431372549019,0.16668854634777178,0.4464952981845488,0.127854861466916,0.08858341464022054,0.11155434994877818
Bos en Lommer,1087,False,,52.37860929162834,4.851976724931002,0.5577352637021717,0.33,18.940202391904325,0.8610855565777369,2.878687596789984,3.1010128234760908,2.26123554660713,2.5753382419934456,0.5574327467649648,0.0010418350515289413,0.012879484820607176,0.014719411223551058,0.11959521619135234,0.006439742410303588,2.0,38.70967741935484,967,1400.0,1390.5,967,365.0,0.7083716651333947,1.0068320747932398,True,110.0,61.0,0.5243736503753711,0.24490797688165444,120.0,,68.0,45.0,0.11039558417663294,0.7286108555657773,0.14401859714536863,0.41005284737530245,0.1364703475288704,0.14373249191428414,0.10684807114197016
Buitenveldert - Zuidas,243,False,,52.330541028806586,4.872106296296296,0.5658673469387755,0.21,16.77777777777778,0.7366255144032922,5.1343166803209614,3.6301353115491057,5.214800965380904,3.2608344533018934,5.060157415047627,0.004894240376636353,0.00823045267489712,0.05761316872427984,0.15637860082304528,0.024691358024691357,2.0,35.82887700534759,196,875.0,875.0,196,365.0,0.654320987654321,1.0,True,115.0,90.5,1.1773478413160299,0.33498736097302406,140.0,,75.0,185.0,0.1934156378600823,0.6748971193415638,0.16993177823231104,0.40390955092597997,0.12336164698764943,0.1066577882194211,0.10148902987332165
Centrum-Oost,1632,False,,52.36608277573529,4.903899221813726,0.9919756621331425,0.49,34.244485294117645,0.7236519607843137,1.3151648696359493,1.5284279548183592,1.7840790975878824,2.635758397856385,1.6450593079042766,0.0011932009323337178,0.061274509803921566,0.034926470588235295,0.33026960784313725,0.010416666666666666,2.0,38.46153846153846,1397,2898.0,2800.0,1397,365.0,0.5061274509803921,1.035,True,150.0,111.5,0.7728124535422983,0.32163866811261416,170.0,179.0,100.0,60.0,0.14399509803921567,0.5790441176470589,0.31081004225421105,0.22089167951812927,0.09219511474636026,0.07391671200226341,0.23172076520452625
Centrum-West,2071,False,,52.37555519341029,4.886861427494033,1.2216998892580286,0.6,41.690004828585224,0.6692419121197489,0.7938464124509186,1.8084087550785661,0.6540378280557934,2.4399090425753434,0.46303505328970956,0.0010690035371543432,0.0816030902945437,0.03476581361661033,0.3404152583293095,0.001931434089811685,2.0,39.62859337283301,1806,3615.75,3537.75,1806,353.0,0.4606470304200869,1.0220479118083527,True,150.0,118.5,1.1577165410437609,0.34376687917621274,180.0,186.0,102.0,52.5,0.12795750845002415,0.5528730082085949,0.2592790130472654,0.20721447849705157,0.09866058667907747,0.09430569553471277,0.259419994469802
De Aker - Nieuw Sloten,136,False,,52.34578830882353,4.799005073529411,1.164054054054054,0.41,35.169117647058826,0.5661764705882353,7.239964792152593,6.256626814203042,6.809137107851306,5.117397116458356,4.758876322160329,0.009948096885813152,0.007352941176470588,0.11029411764705882,0.27205882352941174,0.007352941176470588,2.0,29.361702127659573,111,1610.0,1425.0,111,365.0,0.5294117647058824,1.1298245614035087,True,98.5,85.75,0.9577612240445512,0.36035626071771315,134.0,68.0,74.5,,0.18382352941176472,0.5808823529411765,0.2163373265667613,0.4222156973578884,0.10580600099986365,0.05403307503045866,0.0839608412214986
De Baarsjes - Oud-West,3191,False,,52.36622678784081,4.862478273268568,0.600631725095453,0.32,21.84926355374491,0.8354747727984958,2.2655298397153807,1.752779623960424,1.8565003501085369,1.1346589632007733,0.9626696492402684,0.00043908748761721235,0.026010654967094954,0.018176120338451895,0.15763083672829833,0.007207771858351614,2.0,39.82683982683982,2881,1791.0,1750.0,2881,365.0,0.6797242243810717,1.0234285714285714,True,130.0,80.0,0.6785658971274537,0.27703229396558854,140.0,137.5,79.0,72.5,0.09714822939517392,0.7414603572547791,0.17031851884090854,0.39054612746578515,0.13141916200676462,0.1367550485668078,0.13116170720622713
De Pijp - Rivierenbuurt,2367,False,,52.35112199408534,4.897741288550908,0.6271102476930549,0.33,22.377270806928603,0.8322771440642163,2.348466384855928,1.2516555376968737,2.718465434320055,2.1507661587252094,2.978133259218656,0.0005948929165977264,0.024081115335868188,0.019433882551753275,0.1765948457963667,0.008449514152936205,2.0,38.88888888888889,2059,1900.0,1870.0,2059,365.0,0.6683565694972539,1.0160427807486632,True,140.0,98.0,1.1271593210226314,0.2962197324902555,150.0,179.0,80.0,104.5,0.13012251795521756,0.7089142374313477,0.1346288223748554,0.42464995694762947,0.1301427196455849,0.13413151338050136,0.12870723268733922
Gaasperdam - Driemond,126,False,,52.30021658730159,4.983529126984127,0.958974358974359,0.43,30.77777777777778,0.3888888888888889,10.277689810140098,9.441230501840073,10.81649440384462,10.05370717409975,10.016142496399766,0.013353489543965733,0.0,0.15079365079365079,0.3333333333333333,0.047619047619047616,2.0,33.333333333333336,117,1400.0,1160.0,117,340.5,0.40476190476190477,1.206896551724138,True,80.0,50.0,0.5612130867725685,0.28805206415841367,114.0,85.0,60.0,66.0,0.07142857142857142,0.6587301587301587,0.18287049143226908,0.3059104457180872,0.13234456567463018,0.1050648801747849,0.09126993446054611
Geuzenveld - Slotermeer,221,False,,52.37870601809955,4.818831493212669,0.8133701657458563,0.42,20.963800904977376,0.6018099547511312,4.806621634133861,4.658093448592339,4.210221254627136,3.8161981217386103,1.9589433370501048,0.006818042218627794,0.013574660633484163,0.09954751131221719,0.2398190045248869,0.00904977375565611,2.0,27.77777777777778,181,1200.0,1200.0,181,365.0,0.5294117647058824,1.0,True,100.0,80.0,0.9877438368130526,0.3362856205623102,130.0,60.0,65.0,60.0,0.18099547511312217,0.5520361990950227,0.18812265224090138,0.3795278357387893,0.11957621344357718,0.11160108079608905,0.09257493271276979
IJburg - Zeeburgereiland,453,False,,52.357919161147905,4.991338631346578,0.649375,0.29,17.346578366445915,0.7262693156732892,7.14953721267661,7.420292635258374,7.772693662097096,8.542518148548503,4.097628122592319,0.0031821216418383216,0.02869757174392936,0.05077262693156733,0.20088300220750552,0.002207505518763797,3.0,31.009615384615383,384,1595.5,1569.75,384,365.0,0.5761589403973509,1.0164038859691034,True,149.0,115.0,1.4369887953639018,0.3430824251273227,175.0,141.0,79.5,509.0,0.152317880794702,0.6401766004415012,0.17335673010398037,0.45660519827143903,0.05283275544333447,0.06585351665212044,0.15863656774104626
Noord-Oost,264,False,,52.39610856060606,4.952171136363637,0.7186842105263158,0.32,23.681818181818183,0.6553030303030303,4.7150614376818965,6.0116374218306,5.0595009529788095,6.9653789134483794,1.37800042596544,0.006829660238751147,0.04924242424242424,0.10984848484848485,0.25757575757575757,0.011363636363636364,2.0,33.333333333333336,228,1500.0,1487.5,228,365.0,0.5795454545454546,1.0084033613445378,True,120.0,79.0,0.48462095094891455,0.26313154725168364,140.0,,74.0,55.0,0.13636363636363635,0.5833333333333334,0.19380873352364505,0.42684266125308457,0.07794335295701893,0.09574034564730904,0.09581642177045756
Noord-West,388,False,,52.41164600515464,4.901238144329897,0.7857798165137614,0.41,23.435567010309278,0.7139175257731959,4.442692999821546,5.90665634239946,4.276302591126507,6.366403728178137,3.193546706057674,0.0035604208736316296,0.01804123711340206,0.05154639175257732,0.22164948453608246,0.007731958762886598,3.0,28.57142857142857,327,1264.5,1260.0,327,365.0,0.5824742268041238,1.0035714285714286,True,120.0,79.5,0.7132585698471354,0.2916649490658224,140.0,98.0,70.0,53.0,0.15721649484536082,0.5618556701030928,0.12374110154090191,0.5178897471329053,0.07194037333170988,0.08925646926122154,0.10438880357862221
Oostelijk Havengebied - Indische Buurt,911,False,,52.36582317233809,4.938618627881449,0.6139779681762546,0.31,20.768386388583973,0.8035126234906695,3.2622518845275597,3.662714417091402,3.8892701027270977,4.807439153306628,2.27265612111611,0.0014013381996599676,0.027442371020856202,0.030735455543358946,0.16245883644346873,0.009879253567508232,2.0,40.0,817,1650.0,1575.0,817,365.0,0.6652030735455543,1.0476190476190477,True,114.0,62.0,0.6591352772414738,0.2855061168159509,122.5,255.0,75.0,250.0,0.10318331503841932,0.7288693743139407,0.1283395117045584,0.4327202856491285,0.14154686789410895,0.13402368064582143,0.10848491206467029
Osdorp,127,False,,52.357877322834646,4.796642755905512,0.8046153846153847,0.365,24.496062992125985,0.6220472440944882,6.803748651828897,6.057936625671193,6.309565840384572,4.908580902283415,4.083019461552757,0.008742017484034966,0.007874015748031496,0.07874015748031496,0.18110236220472442,0.007874015748031496,2.0,36.76588897827836,104,892.0,892.0,104,365.0,0.5669291338582677,1.0,True,94.0,73.0,0.5731356573917503,0.302768201545657,124.0,,61.0,,0.18110236220472442,0.6141732283464567,0.11839959533924198,0.4284957981377577,0.14317169710943964,0.07994701460529961,0.10400164283975717
Oud-Noord,578,False,,52.39131735294118,4.917951574394464,0.8136046511627907,0.355,27.46020761245675,0.7335640138408305,2.8690285347393685,4.3408315649558045,2.939695026012603,5.088024883394802,0.7808813737546312,0.0027717580009817885,0.0328719723183391,0.05709342560553633,0.26124567474048443,0.00865051903114187,2.0,35.98995045013609,516,1571.25,1566.0,516,365.0,0.5605536332179931,1.003352490421456,True,125.0,89.75,1.3183372929982446,0.38128628594225994,145.0,137.0,83.5,47.5,0.10726643598615918,0.6678200692041523,0.1794944966482977,0.4177029100236495,0.09405110713341892,0.12842429436640798,0.11285314338531935
Oud-Oost,1240,False,,52.35732916129032,4.919048532258064,0.5802055406613047,0.3,19.23548387096774,0.8483870967741935,2.5988397323376273,2.3535130380997,3.1995296713054837,3.4227394453529896,2.8551900587755363,0.0010080645161290324,0.01935483870967742,0.021774193548387097,0.14758064516129032,0.007258064516129033,2.0,39.39393939393939,1119,1620.0,1587.5,1119,365.0,0.7016129032258065,1.020472440944882,True,129.0,75.0,0.5170033662989078,0.24676928375341728,138.0,136.5,80.0,103.5,0.09758064516129032,0.7508064516129033,0.14806578060609596,0.4402228734571158,0.11712126833691398,0.13090579897774204,0.12174879475116443
Slotervaart,400,False,,52.359100475,4.8362775749999996,0.7965294117647058,0.31,22.445,0.645,4.135583910889997,3.3359957805512064,3.697340723992977,2.26907765632658,1.8681917471987723,0.0036,0.02,0.0575,0.2475,0.0075,2.0,34.38423645320197,340,995.0,960.0,340,365.0,0.6725,1.0364583333333333,True,100.0,76.5,0.7048846923683819,0.3177659222580839,125.0,117.0,69.0,57.0,0.15,0.6675,0.16869847871616225,0.45415046462159664,0.10844956003869002,0.08988855620889426,0.10881294041465678
Watergraafsmeer,537,False,,52.34793225325884,4.93106981378026,0.5558035714285714,0.31,16.89199255121043,0.7821229050279329,3.9313732719985865,3.364509233709139,4.4857421777527575,4.341584712618773,3.777811804442783,0.0024725265198408987,0.04283054003724395,0.04655493482309125,0.14711359404096835,0.0037243947858473,2.0,37.5,448,1394.0,1332.5,448,365.0,0.659217877094972,1.0461538461538462,True,120.0,91.0,0.7846887220103255,0.32313260267145455,140.0,110.5,70.0,20.0,0.16573556797020483,0.6871508379888268,0.1397280895551299,0.4457888868891765,0.10637932930426534,0.12472247902771355,0.11075551689969236
Westerpark,1422,False,,52.38256601265823,4.875142524613221,0.5830124223602484,0.34,20.803797468354432,0.8628691983122363,1.7281221860527103,2.66187423475664,1.1470040971176843,2.777728054093493,0.6821745642635464,0.0008941270491235774,0.01969057665260197,0.02250351617440225,0.14838255977496484,0.006329113924050633,2.0,40.0,1288,1755.0,1683.75,1288,365.0,0.6736990154711674,1.042316258351893,True,129.5,78.0,0.5792509432502629,0.26131661623721947,137.0,152.0,85.0,120.0,0.09423347398030943,0.7341772151898734,0.2105392738485297,0.33384387123516734,0.13049189369572758,0.1299179609763338,0.1501999678954371
Zuid,1341,False,,52.35109680089486,4.8610244519015655,0.6131972198088619,0.28,21.3944817300522,0.8202833706189411,3.455994447197381,2.220427063019072,3.2994855117195856,1.248263424422665,2.509711730494936,0.001044886755740621,0.036539895600298286,0.027591349739000747,0.1931394481730052,0.010439970171513796,2.0,40.0,1151,1760.0,1720.0,1151,365.0,0.6226696495152871,1.0232558139534884,True,141.0,105.0,0.742447954873902,0.3251689625040343,150.0,137.0,85.0,70.0,0.14168530947054436,0.7293064876957495,0.140513384763251,0.42733413731973485,0.11380705048121038,0.12875975458348454,0.1373858219947502
