neighbourhood,listing_count,low_confidence,neighbourhood_group,centroid_lat,centroid_lon,tour_reviews_per_month_mean,tour_reviews_per_month_median,tour_reviews_total_mean,tour_entire_home_share,tour_dist_corcovado_km_median,tour_dist_sugarloaf_km_median,tour_dist_maracana_km_median,tour_dist_centro_km_median,tour_dist_coast_km_median,host_hhi,host_share_10plus,host_top5_share,host_multilisting_share,reg_min30_share,reg_min_nights_median,tenure_months_median,tenure_supporting_listings,rev_uncapped_median,rev_capped_median,rev_supporting_listings,occ_booked_days_median,occ_zero_availability_share,rev_divergence_ratio,occ_proxy_unreliable,price_median,price_iqr,price_cv,price_gini,price_median_entire_home_apt,price_median_hotel_room,price_median_private_room,price_median_shared_room,inactivity_never_reviewed_share,inactivity_stale_since_covid_share,topic_0_loading,topic_1_loading,topic_2_loading,topic_3_loading,topic_4_loading
Abolição,7,True,,-22.888037142857144,-43.297314285714286,0.14500000000000002,0.14500000000000002,0.2857142857142857,0.7142857142857143,11.41585800853875,16.196405903978214,7.436533585982853,12.928110050166094,10.704196958967865,0.14285714285714285,0.0,0.7142857142857143,0.14285714285714285,0.0,2.0,26.85185185185185,2,296.75,296.75,2,282.0,0.42857142857142855,1.0,True,498.0,489.5,0.67974850631441,0.34989526602429827,584.0,,198.0,134.0,0.7142857142857143,0.2857142857142857,0.05098723739214426,0.0,0.1437007250814481,0.17399999704179514,0.3455977547703268
Alto da Boa Vista,59,True,,-22.963612542372882,-43.26557322033898,0.5485714285714286,0.22,3.847457627118644,0.711864406779661,6.4583740187030765,12.173640397465778,7.516642180083584,11.935953895681694,4.085989116649892,0.022694627980465384,0.0847457627118644,0.1864406779661017,0.2542372881355932,0.03389830508474576,2.0,17.91044776119403,21,1824.0,1824.0,21,186.0,0.3220338983050847,1.0,True,701.0,1378.5,4.2193975485523705,0.8333507649634889,1001.0,,171.0,840.5,0.6440677966101694,0.2542372881355932,0.15315826126359275,0.06516581772034266,0.08286985375237485,0.27175612295379015,0.24060926634379787
Anchieta,7,True,,-22.82344,-43.40126857142857,0.25,0.25,1.2857142857142858,0.8571428571428571,24.294245322747052,28.97402531885177,20.19966025782626,25.247132621785315,19.657662425305425,0.14285714285714285,0.0,0.7142857142857143,0.14285714285714285,0.0,3.0,36.0,1,909.0,909.0,1,275.0,0.42857142857142855,1.0,True,699.0,983.0,1.256705282950246,0.5533419023136247,699.0,,,701.0,0.8571428571428571,0.14285714285714285,0.14347199467725444,0.016093519143900732,0.4355709008733299,0.17970325652939664,0.08230318591897544
Andaraí,83,True,,-22.92444518072289,-43.24750469879518,0.26916666666666667,0.175,1.9156626506024097,0.46987951807228917,4.847487211195573,9.887624658734168,2.254674227498173,7.86513457383567,7.361097874087173,0.014951371752068511,0.0,0.14457831325301204,0.24096385542168675,0.012048192771084338,1.0,23.026315789473685,24,180.0,180.0,24,234.0,0.3855421686746988,1.0,True,198.0,524.5,2.671502315036407,0.7553579207429673,614.0,,82.5,101.5,0.7108433734939759,0.24096385542168675,0.14050830425118538,0.07901278786480515,0.1335673579420662,0.20603189515078757,0.272204955995975
Anil,60,True,,-22.951501666666665,-43.3376455,0.48866666666666664,0.11,1.4166666666666667,0.5166666666666667,12.950776707482785,18.684084977662607,11.719937184233356,17.455880295514437,6.5482521098859685,0.020555555555555546,0.0,0.18333333333333332,0.2833333333333333,0.0,3.0,15.625,15,600.0,600.0,15,229.5,0.38333333333333336,1.0,True,265.0,403.25,1.4994892919196487,0.610260612573885,498.0,,182.0,75.0,0.75,0.23333333333333334,0.15246028005981135,0.11370745295069963,0.2644664049263762,0.20537576577324163,0.21399009628987123
Bancários,3,True,,-22.79675,-43.17369666666667,,,0.0,0.3333333333333333,17.65318938307751,17.06694601588013,14.072231777855935,12.236353003766556,5.2256305581972935,0.3333333333333333,0.0,1.0,0.0,0.0,1.0,,0,,,0,365.0,0.6666666666666666,,True,102.0,48.5,0.4168320038959268,0.16126350789692437,198.0,,101.5,,1.0,0.0,0.27076704638349236,0.12484622146751334,0.04133435095951365,0.4772554383749538,0.08579694281452689
Bangu,22,True,,-22.866984545454546,-43.469151818181814,0.685,0.685,0.6363636363636364,0.45454545454545453,27.925638017292272,33.23297323691675,24.735252513272997,30.431884194615847,16.853288399724914,0.045454545454545456,0.0,0.22727272727272727,0.13636363636363635,0.0,1.5,23.977823977823977,2,310.0,310.0,2,96.0,0.22727272727272727,1.0,False,219.5,353.75,3.712207126880831,0.8785944264069264,388.0,,180.0,150.0,0.9090909090909091,0.045454545454545456,0.1801910073328644,0.10902523677086506,0.19571187628257453,0.1427841477762479,0.09956045911017543
Barra da Tijuca,4023,False,,-23.00458369873229,-43.35440879443202,0.50542269967305,0.26,7.207805120556799,0.7795177728063634,15.069736765337005,20.569124712795542,15.566548847928479,20.749100618543746,0.9072849301930519,0.0007123469580115676,0.08351976137211037,0.030325627641063883,0.3775789212030823,0.023117076808351976,2.0,29.166666666666668,2141,2085.0,1980.0,2141,225.0,0.3482475764354959,1.053030303030303,True,450.0,799.0,2.436620931660468,0.6591431834261042,562.0,397.0,201.0,175.5,0.4678100919711658,0.4009445687298036,0.20101782748495947,0.049289589478045334,0.14728764580070253,0.3407896554517871,0.13061851320384438
Barra de Guaratiba,75,True,,-23.054236933333335,-43.56060253333333,0.4259459459459459,0.26,4.2,0.5866666666666667,38.14064408069361,43.69149002886745,37.96769558466778,43.5476112363804,11.258861435740375,0.02968888888888889,0.0,0.28,0.48,0.013333333333333334,1.0,25.0,37,538.5,538.5,37,7.0,0.13333333333333333,1.0,False,262.0,311.0,5.160553937058112,0.7765372055630149,353.5,,198.0,75.0,0.5066666666666667,0.36,0.29732934916611453,0.054717400934922,0.04717325758283593,0.23198205139440664,0.12879794092172084
Barros Filho,3,True,,-22.836333333333332,-43.36665666666667,,,0.0,0.0,20.590760423163577,25.151788146639536,16.3861005577351,21.379793982028932,16.040766238577238,0.3333333333333333,0.0,1.0,0.0,0.0,1.0,,0,,,0,0.0,0.0,,False,102.0,214.0,1.0674887305247218,0.42587064676616915,,,102.0,,1.0,0.0,0.1442888234443576,0.45738566698676714,0.09807674666568307,0.17978486126046814,0.12046390164272407
Benfica,9,True,,-22.895212222222224,-43.23863222222222,0.41000000000000003,0.31,0.5555555555555556,0.7777777777777778,6.9949433883707295,10.564796191927773,2.1437816698784236,6.8886843010760295,5.637496965885897,0.1111111111111111,0.0,0.5555555555555556,0.0,0.0,1.0,4.7008547008547,4,70.75,70.75,4,155.0,0.4444444444444444,1.0,True,402.0,900.0,1.260496717195376,0.5989552755573619,642.0,,251.5,,0.5555555555555556,0.3333333333333333,0.08975357610735585,0.2825195218381294,0.06005352062984009,0.23582155886032485,0.10962960034212757
Bento Ribeiro,13,True,,-22.866486153846154,-43.360078461538464,2.3233333333333333,2.0,5.384615384615385,0.6923076923076923,18.15512350417777,23.05116809209034,14.28673856627918,19.618846638388355,15.445802422702295,0.10059171597633138,0.0,0.5384615384615384,0.3076923076923077,0.0,2.0,8.51063829787234,3,236.0,236.0,3,1.0,0.15384615384615385,1.0,False,177.0,310.0,1.3552253225685864,0.5695266272189349,150.0,,200.5,409.5,0.7692307692307693,0.07692307692307693,0.11573739178323522,0.188345920054226,0.12173395798386662,0.12637229824255516,0.1401181242438093
Bonsucesso,22,True,,-22.861891363636364,-43.25382181818182,0.4690909090909091,0.26,5.681818181818182,0.45454545454545453,11.072961351211095,14.188314531483671,6.21948837674351,9.788873915815081,5.505961046230523,0.4338842975206611,0.6363636363636364,0.9090909090909091,0.8181818181818182,0.045454545454545456,1.0,6.976744186046512,11,75.0,75.0,11,0.0,0.09090909090909091,1.0,False,72.5,55.0,2.002494913700417,0.5363908546543277,110.0,70.0,59.0,,0.5,0.5,0.0932213378853107,0.12463196055089211,0.08456375404145322,0.25276204158989823,0.2630027241142639
Botafogo,1762,False,,-22.95106959704881,-43.18493270715096,0.5291688770999116,0.24,8.925085130533486,0.6526674233825198,2.784443711089061,3.0579504692962196,6.250052536702872,5.165533570202514,1.51952483410661,0.000995283195110293,0.0510783200908059,0.03064699205448354,0.35754824063564133,0.01362088535754824,2.0,29.629629629629626,1131,1206.0,1184.0,1131,276.0,0.39330306469920545,1.0185810810810811,True,217.0,323.0,2.992623853283935,0.5767016635690315,300.0,118.0,132.0,102.0,0.35811577752553914,0.4790011350737798,0.2491265025767318,0.10562953462814752,0.06330117770389694,0.27806986048990334,0.17106929236522503
Brás de Pina,26,True,,-22.831879999999998,-43.295198846153845,0.2626666666666667,0.11,1.7307692307692308,0.23076923076923078,15.864631528941109,19.377208927707343,11.104268810052762,14.94306414273866,8.636877962513134,0.13313609467455628,0.0,0.6538461538461539,0.6153846153846154,0.0,1.5,18.181818181818183,15,126.0,126.0,15,177.5,0.19230769230769232,1.0,False,80.0,37.75,0.9012700591847841,0.35968207305786926,83.0,,85.0,45.0,0.4230769230769231,0.5,0.06609326072936411,0.20347605143474576,0.05653779056749794,0.24932415054198032,0.270722592880258
Cachambi,40,True,,-22.88900125,-43.27657025,0.18076923076923077,0.13,0.85,0.6,9.919763453916996,14.442081469805753,5.666583712776838,11.085332055912168,8.997376891938718,0.03500000000000001,0.025,0.25,0.275,0.075,2.0,25.0,13,459.0,270.0,13,174.5,0.35,1.7,True,219.5,291.75,0.8360143977077273,0.4230701754385965,285.0,,91.0,235.0,0.675,0.225,0.04453022762180668,0.06532378648763257,0.2764129450152911,0.24669508999247203,0.21703795088279754
Cacuia,8,True,,-22.820355,-43.18830125,0.8883333333333333,0.7849999999999999,16.375,0.375,14.691100841663726,14.656927009970968,10.959408976995498,9.651875170271758,2.394685311665365,0.46875,0.0,1.0,0.875,0.0,1.0,26.01755786113328,6,1003.0,1003.0,6,364.5,0.5,1.0,True,101.5,43.25,0.9026397045071843,0.3252016129032258,134.0,,91.0,,0.25,0.625,0.31623257009055505,0.021610425303880524,0.11591705403472843,0.1923431253935988,0.35389682517723714
Caju,2,True,,-22.888095,-43.22167,,,0.0,0.5,7.212984358178259,9.669201480204908,2.9818856256312514,5.429971279816472,3.7170441578351245,0.5,0.0,1.0,0.0,0.0,3.5,,0,,,0,182.5,0.5,,True,660.5,538.5,1.1529962200422583,0.40764572293716883,1199.0,,,122.0,1.0,0.0,0.38639956545693127,0.0,0.02278028858097157,0.5786846949964977,0.012135450965599563
Camorim,293,False,,-22.97851890784983,-43.41611337883959,0.5800000000000001,0.35,5.706484641638225,0.7713310580204779,21.177939327435958,26.904068907036397,20.352744710777017,26.079146082431453,3.5516471524814137,0.007792752390825752,0.14334470989761092,0.12286689419795221,0.4197952218430034,0.017064846416382253,2.0,20.30075187969925,155,1176.0,1176.0,155,174.0,0.2525597269624573,1.0,False,300.0,530.0,1.7979660103088002,0.5840351464388875,401.0,128.0,161.0,273.0,0.4709897610921502,0.43686006825938567,0.09990700468148923,0.06931397467155022,0.2282669787215025,0.23138607505880135,0.3199314276175099
Campinho,13,True,,-22.885460000000002,-43.34699153846154,0.15666666666666665,0.15,0.6923076923076923,0.6153846153846154,15.885416459125304,21.033796787803276,12.417038990308159,18.077006552364903,13.393355631253705,0.08875739644970415,0.0,0.46153846153846156,0.15384615384615385,0.07692307692307693,2.0,16.666666666666668,3,973.0,973.0,3,0.0,0.3076923076923077,1.0,True,161.0,461.0,3.1979585906171946,0.8637328274187103,341.5,,150.0,,0.7692307692307693,0.23076923076923078,0.164329665787298,0.07627260611186643,0.22143288562041363,0.22877779624918984,0.15534089238507826
Campo Grande,91,True,,-22.90033934065934,-43.56397681318681,0.5133333333333333,0.3,1.7142857142857142,0.7472527472527473,36.34816019593323,42.06210559469038,34.078711507634395,39.94311369607775,16.70005970349262,0.014853278589542327,0.0,0.15384615384615385,0.26373626373626374,0.054945054945054944,1.0,14.285714285714285,27,307.5,307.5,27,30.0,0.26373626373626374,1.0,False,203.0,311.0,3.5099724704851942,0.7446287211887112,252.0,,149.0,48.0,0.7032967032967034,0.1978021978021978,0.04570443229655813,0.1475240104831157,0.18023567448214184,0.235281468821207,0.17147419413675752
Campo dos Afonsos,1,True,,-22.88363,-43.37611,0.02,0.02,1.0,0.0,18.582718494146583,23.839367161468658,15.279875109773373,20.974628895532376,13.543598920016022,1.0,0.0,1.0,1.0,0.0,5.0,50.0,1,535.0,535.0,1,0.0,0.0,1.0,False,214.0,0.0,,,,,214.0,,0.0,1.0,0.22362372626775534,0.0,0.6854062744835084,0.0,0.09096999924873618
Cascadura,8,True,,-22.88137375,-43.325787500000004,1.03,1.03,1.625,0.375,14.146834014241495,19.085553388024195,10.377336541558924,15.94303965860112,13.26779167834663,0.125,0.0,0.625,0.0,0.125,1.0,5.564345991561181,2,268.5,268.5,2,234.0,0.375,1.0,True,175.5,437.75,1.2776905230884037,0.5696428571428571,249.0,,326.5,48.0,0.75,0.125,0.08852155754984914,0.09362549035925433,0.19905243762517177,0.3608972153721536,0.13290329909357118
Catete,361,False,,-22.926758171745153,-43.178841966759,0.39292035398230085,0.225,6.301939058171745,0.7340720221606648,4.290704342189501,3.518291116131368,5.528498352800877,2.291148581044752,0.5732557603000236,0.00913897223010873,0.08033240997229917,0.11634349030470914,0.3157894736842105,0.013850415512465374,2.0,25.0,226,821.0,756.75,226,275.0,0.37950138504155123,1.0849025437727122,True,201.0,322.0,2.328030696136605,0.7474949063920463,249.0,101.0,111.5,198.0,0.3739612188365651,0.4986149584487535,0.2467587696074499,0.13249691243870487,0.05263075540818505,0.2418474325407743,0.21823288900765594
Catumbi,7,True,,-22.918955714285715,-43.19603,0.195,0.195,1.5714285714285714,0.2857142857142857,3.8695617369122774,5.444110022462708,3.5848822057815988,2.684265063600654,2.347003348524411,0.14285714285714285,0.0,0.7142857142857143,0.14285714285714285,0.0,1.0,32.69230769230769,2,374.75,374.75,2,275.0,0.42857142857142855,1.0,True,214.0,400.0,0.8368819065443224,0.4261569416498994,251.5,,214.0,,0.7142857142857143,0.14285714285714285,0.004255723622926699,0.04241666171270164,0.20009486490113246,0.35208021743520657,0.2582953894708898
Cavalcanti,1,True,,-22.87639,-43.31529,,,0.0,0.0,13.62675235146145,18.350865401584475,9.582714037899137,14.972918079932747,11.946045522292325,1.0,0.0,1.0,0.0,0.0,1.0,,0,,,0,0.0,0.0,,False,348.0,0.0,,,,,348.0,,1.0,0.0,0.0,0.0022619355530473233,0.5890550341779436,0.2232391216004678,0.18544390866854132
Centro,1026,False,,-22.911606695906432,-43.183622153996104,0.6786893203883495,0.28,10.58869395711501,0.7485380116959064,5.165795885920605,5.094058128021574,4.691227671793616,1.3475796490810064,1.174757874579775,0.0033229597710976587,0.06140350877192982,0.07504873294346978,0.3840155945419103,0.012670565302144249,2.0,20.0,618,874.0,818.0,618,187.0,0.29239766081871343,1.0684596577017116,False,161.0,232.5,2.732393610917688,0.7509387869600226,185.0,375.0,112.0,69.5,0.39766081871345027,0.39278752436647174,0.16972553905766444,0.12831202167584355,0.05604161005674975,0.3255618556256244,0.16441355448080405
Cidade Nova,28,True,,-22.91093892857143,-43.20172892857143,0.5753846153846154,0.26,4.178571428571429,0.6071428571428571,4.62530086608882,6.464132020762675,2.961819043711472,2.9400478540143204,2.8171817767972644,0.04591836734693877,0.0,0.2857142857142857,0.25,0.0,2.0,15.384615384615383,13,640.0,640.0,13,185.5,0.2857142857142857,1.0,False,160.5,260.0,1.6435190122887942,0.5187768985145078,300.0,,118.0,,0.5357142857142857,0.35714285714285715,0.09334137772057945,0.0674272687784828,0.107902713545562,0.1341886311718346,0.3471400087835411
Cidade Universitária,2,True,,-22.869349999999997,-43.21756,0.1,0.1,1.0,0.5,9.207607622696283,10.979702407686531,4.937510652239445,6.186548996683318,2.4854669849777222,0.5,0.0,1.0,0.0,0.0,2.0,20.0,1,54.0,54.0,1,183.0,0.5,1.0,True,99.5,45.5,0.6467006742510133,0.228643216080402,145.0,,,54.0,0.5,0.5,0.0,0.4350771540819939,0.0072357938565335185,0.1814343209669798,0.37625273109449286
Cidade de Deus,13,True,,-22.947127692307692,-43.36212076923077,0.11200000000000002,0.12,0.6923076923076923,0.5384615384615384,15.520308875943462,21.230695288717488,13.867699709375113,19.726722594471703,6.393708801786001,0.08875739644970415,0.15384615384615385,0.46153846153846156,0.23076923076923078,0.0,1.0,20.0,5,96.0,96.0,5,3.0,0.23076923076923078,1.0,False,375.0,450.0,0.8202837041419464,0.4287031150667514,600.0,,147.0,,0.6153846153846154,0.38461538461538464,0.1115498841441849,0.019958728741333087,0.09021025932270026,0.40667361233711274,0.21776136160851517
Cocotá,5,True,,-22.805664,-43.179525999999996,,,0.0,0.2,16.476233219793176,16.0971892678721,12.886533779864095,11.178353242484814,4.082468830411222,0.28,0.0,1.0,0.4,0.0,1.0,,0,,,0,0.0,0.0,,False,182.0,375.0,0.7257423372211886,0.34006349206349207,182.0,,337.5,,1.0,0.0,0.16173344987195926,0.15273416768714992,0.07606626600814832,0.3443556031381304,0.2651105132946121
Coelho Neto,3,True,,-22.826946666666668,-43.35227666666666,,,0.0,0.0,20.22330625144788,24.485358637030107,15.794085027444074,20.466052792877274,14.525319776788178,0.3333333333333333,0.0,1.0,0.0,0.0,3.0,,0,,,0,185.0,0.3333333333333333,,True,48.0,88.5,0.9949987351599947,0.39464882943143814,,,125.5,48.0,1.0,0.0,0.0035621771394838257,0.4360524364308505,0.011471363177650748,0.4166617014593153,0.1322523217926996
Colégio,2,True,,-22.84006,-43.33081,,,0.0,1.0,17.52266547088434,21.772073407569742,13.082116964919713,17.815373799088828,12.437281394334638,0.5,0.0,1.0,0.0,0.0,1.5,,0,,,0,184.0,0.5,,True,74.5,4.5,0.0854222957138111,0.030201342281879196,74.5,,,,1.0,0.0,0.009193987790383471,0.0,0.4851934401415696,0.0,0.005612572068046902
Complexo do Alemão,3,True,,-22.861459999999997,-43.276446666666665,0.09333333333333334,0.1,3.3333333333333335,0.0,12.28003701789201,15.964361188027212,7.5181307167707505,11.818183057581306,7.530604671024585,0.3333333333333333,0.0,1.0,0.3333333333333333,0.0,1.0,33.333333333333336,3,111.0,111.0,3,275.0,0.0,1.0,False,54.0,281.5,1.390391658701631,0.543174143753015,,,37.0,327.0,0.0,1.0,0.0,0.0,0.0,0.0,0.0
Copacabana,9287,False,,-22.972576785215598,-43.18632369701695,0.6434041888090029,0.3,14.461397652632712,0.7885215893184021,3.5127426174534264,4.237458702621045,8.039707846539297,7.3262615088506156,0.2684343728695179,0.0006833636471432869,0.15139442231075698,0.035964251103693334,0.5341875740282115,0.014967158393453214,3.0,28.22021116138763,6398,2097.0,1998.0,6398,187.0,0.24227414665661678,1.0495495495495495,False,252.0,339.0,3.5066149103194166,0.6500037292366759,296.0,69.0,148.0,138.0,0.3110800043070959,0.46527403897921826,0.2683136862705034,0.07244447347935237,0.040657912074298065,0.35419056059887677,0.12570487829087054
Cordovil,4,True,,-22.8240725,-43.3059,0.02,0.02,0.25,0.0,17.315388131407996,20.996200312881975,12.593073248670702,16.653757065181587,10.206051956152919,0.25,0.0,1.0,0.0,0.0,1.0,50.0,1,104.5,104.5,1,183.5,0.5,1.0,True,136.5,189.5,0.8702957948378442,0.4024566473988439,,,136.5,,0.75,0.25,0.0,0.38405408504017435,0.02290758328551893,0.0,0.0930383316743067
Cosme Velho,123,False,,-22.940077235772357,-43.198677886178864,0.2503125,0.12,3.5365853658536586,0.5934959349593496,1.7446023116066192,4.604658576729546,4.538782698799785,4.613555244291483,2.6967803851743994,0.009980831515632236,0.04065040650406504,0.10569105691056911,0.3333333333333333,0.04065040650406504,2.0,28.57142857142857,64,608.5,608.5,64,192.0,0.34959349593495936,1.0,True,300.0,368.0,3.1530956325664254,0.62478378716655,369.0,,149.0,45.5,0.4796747967479675,0.4146341463414634,0.30189643174237085,0.1076604229268715,0.04473773722697375,0.26736734496556247,0.15638684362602634
Cosmos,13,True,,-22.908461538461538,-43.61294153846154,0.2125,0.19,0.38461538461538464,0.5384615384615384,41.6119111271629,47.27467325640837,39.15145192781379,44.98442730231545,19.388277370663786,0.07692307692307694,0.0,0.38461538461538464,0.0,0.0,1.0,9.895833333333334,4,192.75,192.75,4,1.0,0.15384615384615385,1.0,False,161.0,599.0,0.9939513034401369,0.49028196003284974,191.0,,161.0,70.0,0.6923076923076923,0.15384615384615385,0.08059921219502117,0.22585580188158216,0.11068381249209715,0.25592784623644965,0.0961640964256191
Curicica,86,True,,-22.954487674418605,-43.38824546511628,0.2635897435897436,0.17,2.941860465116279,0.5813953488372093,17.84282530930343,23.581862273850852,16.439594901193523,22.27269851490435,5.7601191912531124,0.050027041644131943,0.2441860465116279,0.29069767441860467,0.46511627906976744,0.011627906976744186,1.0,25.0,39,258.0,258.0,39,268.0,0.3953488372093023,1.0,True,189.0,402.5,2.010670439576957,0.6555261375594151,335.0,,112.5,48.0,0.5465116279069767,0.4069767441860465,0.13366928118190488,0.07767047136387271,0.1674597858361089,0.18056037229355998,0.33598892653385587
Del Castilho,23,True,,-22.87740739130435,-43.269173478260875,0.2276923076923077,0.19,2.9565217391304346,0.5217391304347826,10.271825290184122,14.145048153784797,5.564301575936832,10.261766831820848,7.4021760525346725,0.07750472589792061,0.13043478260869565,0.4782608695652174,0.5652173913043478,0.0,3.0,16.666666666666668,13,792.0,792.0,13,276.0,0.43478260869565216,1.0,True,209.0,354.5,0.8465077728799768,0.43765180025088746,364.5,,87.5,85.0,0.43478260869565216,0.4782608695652174,0.11548902939736004,0.00833969884307129,0.18794653736474212,0.2380194632613802,0.4067270102638811
Deodoro,2,True,,-22.848844999999997,-43.381535,,,0.0,1.0,20.93459513877751,25.79466822418795,17.029645042024004,22.32491069120166,17.446383636570705,0.5,0.0,1.0,0.5,0.0,2.0,,0,,,0,365.0,1.0,,True,476.5,275.5,0.8176617763563225,0.28908709338929695,476.5,,,,1.0,0.0,0.4602842174199318,0.0822004759371196,0.020825701818536702,0.3508853674060689,0.08580423741834298
Encantado,24,True,,-22.895945833333332,-43.30351666666667,0.34,0.41500000000000004,0.7083333333333334,0.5833333333333334,11.387025983489767,16.364525654022486,7.74509309096837,13.46017270491565,11.722933137473117,0.1458333333333333,0.3333333333333333,0.5833333333333334,0.5,0.041666666666666664,1.0,6.331006979062812,8,113.5,113.5,8,42.0,0.20833333333333334,1.0,False,158.0,155.0,0.9639478893900754,0.39833587156545464,254.5,,96.0,203.0,0.6666666666666666,0.20833333333333334,0.1511085107394185,0.038376792042561135,0.1568730372078466,0.21255617797010776,0.316085482040066
Engenheiro Leal,2,True,,-22.876125000000002,-43.32224,,,0.0,0.5,14.212601667224156,19.005548201439833,10.247294513732005,15.674393438249378,12.584296991165797,0.5,0.0,1.0,0.5,0.0,8.0,,0,,,0,137.5,0.0,,False,800.5,698.5,1.2340139579233065,0.4362898188632105,1499.0,,102.0,,1.0,0.0,0.0,0.0,0.0,0.0,0.0
Engenho Novo,51,True,,-22.908708627450977,-43.26882843137255,0.22625,0.14500000000000002,1.5686274509803921,0.35294117647058826,7.664054928879921,12.604466219388502,4.080575546521225,9.882818595624503,8.933347120572243,0.031141868512110732,0.0,0.2549019607843137,0.35294117647058826,0.0196078431372549,2.0,23.214285714285715,16,197.0,197.0,16,276.0,0.45098039215686275,1.0,True,128.0,306.5,1.3408079251082596,0.5781658470008441,498.0,,104.0,70.0,0.6862745098039216,0.27450980392156865,0.09688187264388834,0.12390089965800118,0.14411904154294863,0.23259516579104778,0.26524811840332974
Engenho da Rainha,7,True,,-22.865911428571426,-43.297430000000006,0.14333333333333334,0.06,0.5714285714285714,0.5714285714285714,13.161915232869623,17.358578808576937,8.653767505297035,13.524332585804927,9.652727821775697,0.14285714285714285,0.0,0.7142857142857143,0.0,0.0,1.0,16.666666666666668,3,86.0,86.0,3,365.0,0.5714285714285714,1.0,True,252.0,300.5,1.3182097280754517,0.5576639465146004,399.0,,86.0,,0.5714285714285714,0.42857142857142855,0.15486562819427377,0.10603254449039248,0.17554773254488923,0.3565427696678291,0.2070113251026154
Engenho de Dentro,72,True,,-22.894635277777777,-43.293272083333335,0.06347826086956522,0.02,0.8472222222222222,0.625,10.678874329989648,15.415435642492904,6.757552388503216,12.284654775614204,10.545082675648256,0.016589506172839507,0.0,0.1527777777777778,0.16666666666666666,0.027777777777777776,3.0,50.0,23,321.0,321.0,23,282.0,0.4583333333333333,1.0,True,399.0,402.25,0.8833730878366962,0.45227456443197983,498.0,,174.0,48.0,0.6805555555555556,0.3194444444444444,0.143836487906982,0.07823312316953127,0.2870146595905466,0.1629847621247142,0.24459763387489256
Estácio,95,True,,-22.916666,-43.20652789473684,0.3544897959183674,0.26,4.378947368421053,0.35789473684210527,3.9917784402944316,6.4514211036856794,2.445059680738459,3.6937474093148954,3.529204028459237,0.018282548476454292,0.010526315789473684,0.18947368421052632,0.43157894736842106,0.0,2.0,17.92452830188679,49,255.0,255.0,49,164.0,0.2631578947368421,1.0,False,138.0,157.0,1.4355693700825192,0.5649473080291089,198.0,72.5,102.0,88.0,0.4842105263157895,0.4421052631578947,0.08790326450399519,0.10971154644930728,0.07213831893426315,0.29435077045329106,0.2780013628170381
Flamengo,927,False,,-22.934873775620282,-43.175985059331175,0.44283557046979866,0.23,8.03883495145631,0.6806903991370011,4.01128389397615,2.7583676213627446,6.076822663207789,3.2491893022501537,0.37647161736845736,0.0024891514193050627,0.06472491909385113,0.06364617044228695,0.3775620280474649,0.037756202804746494,2.0,28.57142857142857,596,1096.0,1045.5,596,276.0,0.37001078748651567,1.0483022477283597,True,222.0,323.0,2.8867868658611,0.6700357263444365,291.0,148.0,139.0,48.0,0.35706580366774543,0.5275080906148867,0.23261607563415665,0.10301797952233016,0.05902598215709424,0.29206744466296736,0.16872019871385066
Freguesia (Ilha),6,True,,-22.791043333333334,-43.17178666666666,,,0.0,0.6666666666666666,18.414626020257135,17.631025558993635,14.848917578154914,12.881258101835433,5.921684270297101,0.16666666666666669,0.0,0.8333333333333334,0.0,0.0,1.5,,0,,,0,320.5,0.5,,True,194.0,170.75,1.2314893393227715,0.5027298850574713,279.0,,174.5,,1.0,0.0,0.07302724029908234,0.043126048383579245,0.18858019616481447,0.39909400650226057,0.1295058419835967
Freguesia (Jacarepaguá),214,False,,-22.939033925233645,-43.34122406542056,0.30529411764705877,0.155,1.8785046728971964,0.5794392523364486,13.361338679143428,19.050555814463046,11.72062397495181,17.536630368360626,7.800034993411554,0.00607039916149882,0.014018691588785047,0.07009345794392523,0.2850467289719626,0.009345794392523364,2.0,22.2832303820636,68,342.0,342.0,68,186.0,0.32242990654205606,1.0,True,300.0,551.0,1.2615336856337414,0.5477017986935395,479.0,,214.5,128.0,0.6822429906542056,0.27102803738317754,0.12516338627335052,0.0844988944106779,0.2245252927000094,0.2148277442969534,0.25752673839377516
Galeão,4,True,,-22.8084925,-43.2382425,4.0,4.0,14.25,0.5,16.29905460197529,17.70644136413793,11.559625799458509,12.683397312108617,3.755008193565933,0.375,0.5,1.0,0.75,0.0,1.0,14.25,1,1539.0,1539.0,1,73.0,0.25,1.0,False,3343.5,7146.5,1.165322583509835,0.5305253042921204,7759.5,,54.0,37.0,0.75,0.0,0.39751543940638734,0.2889991426212313,0.009901830839998753,0.1252039753803439,0.17837961175203876
Gamboa,27,True,,-22.897229629629628,-43.19272185185185,0.658235294117647,0.24,9.185185185185185,0.48148148148148145,6.254283231775834,7.038647355933301,4.141610070365227,2.3588655350459073,1.4736391006960183,0.06172839506172839,0.07407407407407407,0.4074074074074074,0.6296296296296297,0.0,3.0,17.452830188679243,17,1110.0,1110.0,17,12.0,0.2962962962962963,1.0,False,161.0,520.5,2.0963458213260933,0.7716170181923606,498.0,201.0,101.0,37.0,0.37037037037037035,0.5185185185185185,0.23946298419677414,0.08184040643944697,0.053282307506227776,0.23959870866437039,0.1635933709709585
Gardênia Azul,25,True,,-22.957962000000002,-43.3507636,0.21555555555555556,0.23,2.0,0.72,14.358115339437253,20.09992201311103,13.329133272661599,19.061206103495373,5.481879612099865,0.0432,0.0,0.24,0.08,0.0,1.0,33.333333333333336,9,553.0,553.0,9,3.0,0.24,1.0,False,401.0,567.0,0.8293549347265948,0.43994606438563966,574.5,,80.0,,0.64,0.32,0.11130695710780074,0.029185994228167016,0.20103278277886732,0.16933871928728808,0.3291355465978768
Gericinó,1,True,,-22.82563,-43.46393,0.06,0.06,2.0,0.0,29.514870384092642,34.5481719381089,25.809094292154537,31.15406510337448,21.086799585106295,1.0,0.0,1.0,1.0,0.0,1.0,33.333333333333336,1,54.0,54.0,1,0.0,0.0,1.0,False,54.0,0.0,,,,,54.0,,0.0,1.0,0.0,0.13288930422502304,0.05625239729615197,0.46749315222660837,0.34336514625221654
Glória,348,False,,-22.921432327586206,-43.176167988505746,0.4494372294372294,0.22,9.456896551724139,0.6379310344827587,4.841530376572477,3.8784399989508893,5.611393569715096,1.701763985030716,0.32404885321636934,0.0041286827850442595,0.02586206896551724,0.0603448275862069,0.3620689655172414,0.03735632183908046,2.0,33.333333333333336,231,1080.0,960.0,231,275.0,0.382183908045977,1.125,True,180.0,244.0,4.0627271743736815,0.6517870883284398,214.5,,118.0,79.0,0.33620689655172414,0.5114942528735632,0.21546564059889944,0.1548757375768853,0.03453975047960079,0.26479508048221834,0.2613582736210168
Grajaú,99,True,,-22.922473333333336,-43.2625805050505,0.3274193548387097,0.26,1.5151515151515151,0.5252525252525253,6.295733702680896,11.545950963919935,3.5404791074004205,9.406908264282356,7.966727998694021,0.012141618202224268,0.0,0.1111111111111111,0.21212121212121213,0.0,1.0,16.666666666666668,31,256.0,252.0,31,227.0,0.43434343434343436,1.0158730158730158,True,191.0,326.0,2.2323396438780287,0.6449979121486011,276.0,,111.0,140.5,0.6868686868686869,0.24242424242424243,0.13385358373848247,0.15924290009150308,0.20101589541226264,0.23053890201286062,0.15413659753276995
Grumari,3,True,,-23.047629999999998,-43.538016666666664,0.7200000000000001,0.29,9.0,0.3333333333333333,34.77685343436361,40.36200543284631,34.514276444823615,40.11952702438404,7.806035383192297,0.5555555555555556,0.0,1.0,0.6666666666666666,0.0,2.0,12.154696132596685,3,1001.0,1001.0,3,45.0,0.3333333333333333,1.0,True,296.0,404.0,0.9798276298468795,0.4188698807672369,91.0,,597.5,,0.0,0.3333333333333333,0.018122357223397247,0.08735674379089985,0.08125565934472233,0.4025722411138619,0.41069299852711866
Guadalupe,11,True,,-22.84401181818182,-43.37357090909091,0.37666666666666665,0.07,0.5454545454545454,0.7272727272727273,20.768648208840716,25.46554104652058,16.68923130392401,21.85183362252267,16.889321439082465,0.12396694214876033,0.0,0.6363636363636364,0.36363636363636365,0.0,1.0,28.57142857142857,3,204.0,204.0,3,2.0,0.2727272727272727,1.0,False,252.0,217.0,0.6886845294693031,0.3507224940266242,246.5,,268.0,,0.7272727272727273,0.18181818181818182,0.14251822636609573,0.27295733867650424,0.10129705117362114,0.04632160415902332,0.07326941598839191
Guaratiba,75,True,,-22.985221600000003,-43.584858,0.35523809523809524,0.23,1.84,0.64,37.91641998002711,43.62600371355282,36.493370842627854,42.371296760189075,12.730865074046825,0.016177777777777777,0.0,0.14666666666666667,0.29333333333333333,0.02666666666666667,1.0,16.666666666666668,21,747.0,747.0,21,264.0,0.3466666666666667,1.0,True,327.0,851.0,1.4209962990171794,0.6198742844081497,524.5,,190.0,150.0,0.72,0.14666666666666667,0.08511159560742815,0.08255095223826403,0.1849029834824219,0.23976044269648014,0.18100735930873912
Gávea,303,False,,-22.97741102310231,-43.23121174917492,0.270972972972973,0.19,4.96039603960396,0.7128712871287128,3.4414433658369776,8.270443778516649,7.221785877667796,9.751871404526062,1.4112046557556295,0.005173784705203192,0.04950495049504951,0.07260726072607261,0.37623762376237624,0.033003300330033,2.0,30.769230769230766,185,1168.5,1071.0,185,282.0,0.44554455445544555,1.0910364145658262,True,371.0,597.5,1.597477469242992,0.5956746292947974,498.0,,182.0,,0.38943894389438943,0.5346534653465347,0.27372862702030326,0.11180126099727979,0.06505857250877461,0.34845420917445313,0.15805303987014627
Higienópolis,10,True,,-22.874277,-43.262955,,,0.0,0.5,10.062631659272466,13.840379348688689,5.304448084917784,9.892195888657511,6.985531547564992,0.16000000000000003,0.0,0.7,0.4,0.0,2.5,,0,,,0,276.5,0.3,,False,353.5,210.25,0.9239331226364881,0.4000458926112896,327.0,,102.0,409.5,1.0,0.0,0.17522434211769783,0.055259262100065286,0.198709318427814,0.15935819939394671,0.21144887796047618
Honório Gurgel,2,True,,-22.850105,-43.35613,1.47,1.47,12.0,0.5,18.725669494077717,23.409462959386374,14.633482701693428,19.803113895778964,15.1316091235629,0.5,0.0,1.0,0.0,0.0,1.0,8.850515463917526,2,559.5,559.5,2,146.5,0.0,1.0,False,91.0,27.0,0.41960182619861064,0.14835164835164835,118.0,,64.0,,0.0,0.5,0.0729369541370086,0.0,0.020239106906249894,0.31522103481006514,0.09160290414667638
Humaitá,297,False,,-22.95690393939394,-43.199817373737375,0.27401197604790417,0.19,3.4814814814814814,0.6397306397306397,1.2610255757749054,4.71669949337547,5.893749737784612,6.220567062890562,2.2744003825507835,0.0047500821911596325,0.026936026936026935,0.06397306397306397,0.32996632996632996,0.006734006734006734,2.0,27.272727272727273,167,910.0,910.0,167,277.0,0.43097643097643096,1.0,True,302.0,385.0,1.8975983584646208,0.5315973503747417,402.0,,150.0,171.5,0.4377104377104377,0.47474747474747475,0.2285504080861803,0.19461485955784366,0.06887843055901803,0.30314194867126454,0.154309302620643
Inhaúma,7,True,,-22.871904285714287,-43.27739142857143,0.62,0.65,10.142857142857142,0.42857142857142855,11.34710302410319,15.294208785915721,6.690474153195084,11.394214461049783,8.07041267912134,0.26530612244897955,0.0,1.0,0.5714285714285714,0.0,1.0,32.0,4,1123.0,1123.0,4,283.0,0.14285714285714285,1.0,False,252.0,276.0,0.896033212249622,0.43899095146695916,498.0,,134.0,54.0,0.42857142857142855,0.42857142857142855,0.16612657373417425,0.04053527974247422,0.22061123321574566,0.1965173299634378,0.23335244048702522
Inhoaíba,3,True,,-22.899736666666666,-43.58927333333333,0.21,0.21,2.3333333333333335,0.6666666666666666,39.675116452919106,45.32356934767699,37.25982714621326,43.0911065114228,18.439487835930308,0.3333333333333333,0.0,1.0,0.3333333333333333,0.0,1.0,33.333333333333336,1,507.5,507.5,1,1.0,0.0,1.0,False,193.0,463.0,1.109984407639313,0.4381357937071209,632.0,,145.0,,0.6666666666666666,0.3333333333333333,0.2563312239968403,0.11546556347999483,0.2048558043905561,0.07988379687072104,0.010130277928554384
Ipanema,3024,False,,-22.9842358444396,-43.20154103691594,0.698566037735849,0.35,18.332010582010582,0.8363095238095238,3.7276919998975844,6.093510381240471,8.513028388635123,9.104986580661961,0.288342602633474,0.0019771282998796227,0.24074074074074073,0.06415343915343916,0.5654761904761905,0.01917989417989418,3.0,33.333333333333336,2120,3999.0,3809.0,2120,187.0,0.23148148148148148,1.049881858755579,False,402.0,563.0,2.3007451055710186,0.6110691236469561,471.0,299.0,182.5,122.0,0.29894179894179895,0.4689153439153439,0.3797254373916209,0.05366859858716126,0.041726957130452255,0.2883041309870066,0.10562249495137806
Irajá,37,True,,-22.836797567567565,-43.32286108108108,0.38769230769230767,0.18,2.135135135135135,0.35135135135135137,17.341940193127257,21.517770674298482,12.824391197681427,17.32613590563396,11.717091861977407,0.05186267348429512,0.0,0.32432432432432434,0.35135135135135137,0.0,1.0,23.52941176470588,13,320.0,320.0,13,7.0,0.16216216216216217,1.0,False,230.0,316.0,1.0683258025115028,0.5176788036861547,252.0,,239.5,51.0,0.6486486486486487,0.32432432432432434,0.1361727974456032,0.07637829215142461,0.16044718211519884,0.21951905071590253,0.21829348838268162
Itanhangá,180,False,,-22.989233666666667,-43.309667499999996,0.2827272727272727,0.18,1.9277777777777778,0.5222222222222223,10.93632051293644,16.33003873097372,11.94819090087572,16.778881244005753,3.2158449619301086,0.010864197530864199,0.03888888888888889,0.12777777777777777,0.4722222222222222,0.03888888888888889,2.0,18.181818181818183,66,392.5,392.5,66,84.0,0.29444444444444445,1.0,False,300.0,1378.5,2.762491600065648,0.7525079191809589,1350.5,,150.0,80.5,0.6333333333333333,0.3277777777777778,0.21857716678771935,0.10430359973238783,0.1447312678538331,0.2621617861856341,0.16467062388487003
Jacarepaguá,2029,False,,-22.968016032528336,-43.39212089699359,0.39617943548387097,0.18,3.9112863479546576,0.7422375554460325,18.771848027868703,24.502492983880632,17.821900250021965,23.562843406444106,4.317443090595391,0.0009417414954816085,0.056678166584524396,0.030064070970921637,0.3252833908329226,0.015771315919172007,2.0,27.88888888888889,992,962.0,904.5,992,275.0,0.3834401182848694,1.0635710337202875,True,402.0,814.0,2.7743993392387547,0.600919019937901,562.0,175.5,198.0,118.0,0.5110892065056678,0.4110399211434204,0.13039121521735386,0.04382460542097354,0.2280337645939518,0.21065074814206775,0.3156358913669049
Jacarezinho,1,True,,-22.88671,-43.25963,,,0.0,1.0,8.82403164466661,12.814632512899994,4.137778653982541,9.160632421668895,7.205534195076,1.0,0.0,1.0,0.0,0.0,1.0,,0,,,0,365.0,1.0,,True,118.0,0.0,,,118.0,,,,1.0,0.0,0.0,0.5362163401606975,0.09163033314207572,0.0,0.3721533266972268
Jacaré,6,True,,-22.894333333333332,-43.25999166666667,0.02,0.02,0.16666666666666666,0.16666666666666666,8.212913503552334,12.424439397503201,3.6588290147763027,9.109679488647444,7.742264135728101,0.16666666666666669,0.0,0.8333333333333334,0.16666666666666666,0.0,2.0,50.0,1,40.0,40.0,1,94.0,0.16666666666666666,1.0,False,292.5,377.75,0.7446986662667033,0.37898299488195475,236.0,,455.5,80.0,0.8333333333333334,0.16666666666666666,0.0690091020407284,0.13244445082296205,0.09954838792983693,0.19575047874914878,0.16991424712399059
Jardim América,1,True,,-22.81087,-43.31732,0.22,0.22,1.0,0.0,19.122602890375823,22.689794836402218,14.374762504119598,18.24151635940067,11.19191089052401,1.0,0.0,1.0,0.0,0.0,1.0,4.545454545454546,1,35.0,35.0,1,277.0,0.0,1.0,False,70.0,0.0,,,,,70.0,,0.0,1.0,0.004315486961312493,0.9899229757344699,0.005761537304217719,0.0,0.0
Jardim Botânico,323,False,,-22.96264464396285,-43.218468204334364,0.3004268292682927,0.17,4.0092879256965945,0.6594427244582043,1.572090543789491,6.850597840468791,5.817750395340164,7.883195694610861,2.6753240794656894,0.004399543751018413,0.02786377708978328,0.06191950464396285,0.29102167182662536,0.021671826625386997,3.0,33.85416666666667,164,1336.75,1261.5,164,276.0,0.38390092879256965,1.0596512088783194,True,349.0,616.0,1.92627510738047,0.639403467524073,551.0,,155.0,43.0,0.49226006191950467,0.4117647058823529,0.3003231085637907,0.13893890258882102,0.09702269716503899,0.29451065736859144,0.12586098106298385
Jardim Carioca,11,True,,-22.806344545454547,-43.19578727272727,0.384,0.44,5.454545454545454,0.45454545454545453,16.255628482474787,16.514597875924434,12.27414054151885,11.479485342697103,3.007213618625101,0.09090909090909091,0.0,0.45454545454545453,0.09090909090909091,0.09090909090909091,2.0,40.90909090909091,5,206.5,206.5,5,11.0,0.45454545454545453,1.0,True,112.0,182.5,0.9922279468907103,0.4752805334200683,182.0,,85.5,,0.5454545454545454,0.36363636363636365,0.1123911289571567,0.10080413056502033,0.15660751398035455,0.1643739902892531,0.3749141452991244
Jardim Guanabara,59,True,,-22.81331694915254,-43.19972186440678,0.6791891891891891,0.36,10.389830508474576,0.3389830508474576,15.43205362708884,15.73185605594755,11.3704372538225,10.692254222894364,2.220989375279526,0.029589198506176383,0.0,0.2542372881355932,0.3728813559322034,0.0,1.0,18.181818181818183,37,528.0,528.0,37,186.0,0.2542372881355932,1.0,False,128.0,118.5,1.8616021529344702,0.5897252125199358,181.0,,102.0,106.5,0.3728813559322034,0.5084745762711864,0.07610250674201673,0.1548470663835102,0.11316270547420422,0.21780389162388736,0.2855414568950256
Jardim Sulacap,13,True,,-22.889392307692308,-43.395173846153845,0.285,0.08,3.6153846153846154,0.3076923076923077,20.166668589557872,25.549292192684387,17.10947452866008,22.873596664536223,13.129014091695911,0.1124260355029586,0.0,0.6153846153846154,0.46153846153846156,0.0,1.0,39.39393939393939,6,272.0,272.0,6,276.0,0.38461538461538464,1.0,True,300.0,573.0,0.9400918592899099,0.46953224922346065,1023.5,,241.0,112.0,0.5384615384615384,0.46153846153846156,0.12447320939228675,0.051932512884167795,0.20247051140847716,0.08103196134713077,0.23239949727562983
Joá,98,True,,-23.011766544418002,-43.290827253448384,0.47787234042553195,0.21,4.520408163265306,0.7142857142857143,10.585391143441452,15.605590769562873,12.740470206540923,16.808359034604063,0.27149908845160675,0.03477717617659307,0.2755102040816326,0.2857142857142857,0.7244897959183674,0.01020408163265306,2.0,20.0,47,2697.0,2550.0,47,96.5,0.16326530612244897,1.0576470588235294,False,1700.0,3944.0,1.6210809824729835,0.6801142970673394,2567.0,,252.0,,0.5204081632653061,0.37755102040816324,0.3715804701810355,0.034257042171389966,0.05787196267693233,0.2863521429024959,0.08667307594569734
Lagoa,400,False,,-22.969043275,-43.203483575,0.40414285714285714,0.235,7.465,0.7575,1.9609772835150783,5.408553147361419,6.797555183789193,7.612494655620624,1.4409172907847656,0.0033,0.0275,0.0475,0.345,0.0325,3.0,33.33333333333333,210,2032.5,2008.5,210,277.0,0.395,1.011949215832711,True,498.0,902.5,1.960547822641281,0.600205040030464,662.0,,182.0,72.5,0.475,0.4325,0.3461724418881121,0.07477370486152955,0.05892174494243313,0.25468590997785895,0.13294619833006632
Laranjeiras,714,False,,-22.93581193277311,-43.18742729691877,0.38572519083969464,0.22,6.320728291316526,0.5770308123249299,3.017432537088969,3.8140125281643638,5.106720685135097,3.5441569033495925,1.6281655424838606,0.0023656521432102256,0.0350140056022409,0.046218487394957986,0.3557422969187675,0.014005602240896359,2.0,24.840764331210192,393,666.0,610.0,393,277.0,0.42436974789915966,1.0918032786885246,True,219.0,376.0,4.087892643962091,0.6085001122399372,401.0,,128.0,90.0,0.4495798319327731,0.4495798319327731,0.21861863174896629,0.12517588766795426,0.07663791110458507,0.27506658500054226,0.17284832341352643
Leblon,1611,False,,-22.983641893234015,-43.22342217877095,0.5905078485687904,0.26,13.616387337057729,0.8286778398510242,3.750010633108868,7.972935599343661,8.006433997783613,9.935914151740137,0.5645974751481583,0.0015485560360356196,0.15828677839851024,0.0446927374301676,0.46306641837368095,0.01675977653631285,3.0,30.057803468208093,1083,3600.0,3495.0,1083,273.0,0.31781502172563625,1.0300429184549356,True,450.0,592.0,1.6705106077852447,0.5552175313737598,498.0,699.0,214.5,169.0,0.32774674115456237,0.4941030415890751,0.32736415639206606,0.07740690457613954,0.05395929684968955,0.29836298997818805,0.10944917237772185
Leme,627,False,,-22.962642472089314,-43.170255789473686,0.5544444444444444,0.26,11.484848484848484,0.7687400318979266,4.273198077349425,2.193433610496102,8.318247456558353,6.231157242949284,0.3639443314952861,0.002876918263470769,0.08133971291866028,0.05263157894736842,0.4449760765550239,0.019138755980861243,3.0,28.57142857142857,387,1840.0,1776.0,387,204.0,0.2886762360446571,1.0360360360360361,False,300.0,418.0,2.847194532437994,0.5980522985750168,349.0,101.0,159.0,55.5,0.3827751196172249,0.4370015948963317,0.33718332489554825,0.07481912824875452,0.03988194898296987,0.3302724748129872,0.09503610551588054
Lins de Vasconcelos,17,True,,-22.909470588235294,-43.27949823529412,0.11400000000000002,0.07,1.1764705882352942,0.4117647058823529,8.512053288421084,13.560038732124871,5.0779342960931,10.942038882553835,9.776935804382028,0.07266435986159168,0.0,0.4117647058823529,0.29411764705882354,0.058823529411764705,2.0,41.66666666666667,5,392.0,392.0,5,315.0,0.4117647058823529,1.0,True,139.0,150.0,0.9087817765358949,0.4364076771686656,139.0,,150.0,,0.7058823529411765,0.29411764705882354,0.16181986563018147,0.14169643639775772,0.14496594649088182,0.15101850103593295,0.16520513279818724
Madureira,9,True,,-22.87466111111111,-43.33995777777778,0.645,0.345,10.444444444444445,0.5555555555555556,15.908679762703493,20.687832369991348,11.940925320283561,17.479401945605563,13.934470585952637,0.1111111111111111,0.0,0.5555555555555556,0.1111111111111111,0.0,2.0,34.61538461538461,4,784.5,784.5,4,185.0,0.4444444444444444,1.0,True,161.0,177.0,0.9426142142229955,0.45021760369482194,161.0,,184.0,,0.5555555555555556,0.2222222222222222,0.0020725079070408993,0.03686775251035584,0.12666442788183888,0.21043737961628495,0.29062459875114605
Magalhães Bastos,7,True,,-22.878918571428574,-43.41155,3.0,3.0,0.42857142857142855,0.42857142857142855,22.066445540441126,27.379358387428976,18.84150467889692,24.54490875318024,14.444844076013078,0.26530612244897955,0.0,1.0,0.42857142857142855,0.0,1.0,1.0,1,321.0,321.0,1,365.0,0.8571428571428571,1.0,True,249.0,42.5,1.4077157580711313,0.4767847856771414,265.0,,249.0,318.0,0.8571428571428571,0.0,0.0,0.029318563057148656,0.7714452926832599,0.05593623691462936,0.14329990734496204
Mangueira,19,True,,-22.907058421052632,-43.23564105263158,0.376,0.26,9.526315789473685,0.21052631578947367,5.471205360498322,9.341645784298116,0.6275649785911472,6.267363996495286,5.779217183877544,0.30193905817174505,0.5263157894736842,0.7368421052631579,0.5789473684210527,0.0,2.0,33.33333333333333,15,290.0,290.0,15,365.0,0.5789473684210527,1.0,True,59.0,42.5,1.5628315680683043,0.5567542301579882,487.5,,53.0,59.0,0.21052631578947367,0.6842105263157895,0.02579902140019569,0.04989106045666588,0.05068445004983406,0.16127360964404092,0.5018255426597897
Manguinhos,2,True,,-22.88306,-43.24566,,,0.0,0.5,8.459394625968622,11.885223009502395,3.6065144579977164,7.906849288652371,5.7337246382254206,0.5,0.0,1.0,0.5,0.0,1.5,,0,,,0,79.0,0.0,,False,393.5,307.5,1.1051351218036256,0.39072426937738247,701.0,86.0,,,1.0,0.0,0.010824168526517885,0.06879722338891209,0.03828918126443739,0.20110763899455256,0.1809817878255801
Maracanã,295,False,,-22.914274779661017,-43.22926508474576,0.28621052631578947,0.2,2.2779661016949153,0.5491525423728814,4.5859439408528555,8.67515593797354,0.5326017061393965,5.990792446825519,5.745338952855402,0.004929617925883366,0.0,0.0711864406779661,0.288135593220339,0.01694915254237288,2.0,33.333333333333336,95,498.0,495.0,95,188.0,0.4135593220338983,1.006060606060606,True,402.0,873.0,1.406726426969541,0.5747859760507705,899.5,70.0,133.5,219.0,0.6779661016949152,0.2847457627118644,0.10709860648723375,0.03591353034762215,0.16227523238696318,0.16269698290019008,0.4811681902508722
Marechal Hermes,13,True,,-22.85914,-43.36688769230769,0.08125,0.05,1.5384615384615385,0.23076923076923078,19.079793152262184,23.94580855279262,15.192414843685025,20.579074060234202,15.995989840597256,0.14792899408284027,0.0,0.6923076923076923,0.46153846153846156,0.0,1.0,50.0,8,173.5,173.5,8,1.0,0.23076923076923078,1.0,False,134.0,86.0,1.0756153091877825,0.4196340743655322,198.0,,103.5,136.5,0.38461538461538464,0.6153846153846154,0.09196093236522462,0.03160132977038303,0.13675137578427268,0.2335562470557742,0.1215147304089608
Maria da Graça,14,True,,-22.881252142857143,-43.26235928571429,0.27,0.27,2.357142857142857,0.5,9.485298559231982,13.337979697015683,4.770911729657961,9.534890091552851,7.170061508064411,0.0816326530612245,0.0,0.42857142857142855,0.14285714285714285,0.0,1.0,29.26829268292683,5,612.0,612.0,5,175.0,0.42857142857142855,1.0,True,160.5,292.25,1.3882776916747388,0.603170324733667,402.0,,125.0,37.0,0.6428571428571429,0.2857142857142857,0.09067309667117973,0.12343436456796154,0.12319177963717932,0.23328183839118657,0.2865617778753499
Maré,1,True,,-22.86753,-43.23983,,,0.0,0.0,9.850769781662107,12.60381972675947,5.064097377147332,8.12879645728634,4.486532393905402,1.0,0.0,1.0,0.0,0.0,1.0,,0,,,0,186.0,0.0,,False,150.0,0.0,,,,,150.0,,1.0,0.0,0.0015337745083226556,0.0,0.37893466737120485,0.39712269171635883,0.22240886640411356
Moneró,8,True,,-22.796982500000002,-43.19764375,0.39,0.39,0.125,0.375,17.248249658245115,17.519558284668754,13.192037020619795,12.50489588152978,3.8360456903375537,0.125,0.0,0.625,0.125,0.0,2.0,2.564102564102564,1,51.0,51.0,1,356.5,0.5,1.0,True,202.0,110.75,0.9628630137043669,0.38982059282371295,230.0,,201.0,,0.875,0.0,0.04937854583235045,0.09454057794572779,0.13211096425171304,0.39084637105194026,0.20812354091826846
Méier,56,True,,-22.901204107142856,-43.280110535714286,0.17411764705882352,0.1,1.0714285714285714,0.35714285714285715,9.21587894853782,13.97010218970809,5.29438542255407,10.952482756101492,9.64483382262275,0.03188775510204081,0.0,0.26785714285714285,0.32142857142857145,0.03571428571428571,2.0,46.15384615384615,17,264.5,264.5,17,276.5,0.42857142857142855,1.0,True,201.0,210.25,1.0943700658436741,0.44327838360261135,455.0,,134.0,91.0,0.6964285714285714,0.26785714285714285,0.1023233707767804,0.11490528064931708,0.25943192514075486,0.2781889688104237,0.15586474033700964
Olaria,11,True,,-22.84774909090909,-43.26673909090909,0.4133333333333334,0.52,1.5454545454545454,0.45454545454545453,12.797433458375732,15.96287251947348,7.944032782998358,11.656167453196495,5.959198893303027,0.09090909090909091,0.0,0.45454545454545453,0.18181818181818182,0.09090909090909091,2.0,19.11764705882353,3,106.0,106.0,3,42.0,0.45454545454545453,1.0,True,96.0,195.5,1.5206172929641646,0.5802481455609886,96.0,,90.5,115.0,0.7272727272727273,0.18181818181818182,0.14594428938387402,0.1923795931760422,0.0832458885949326,0.10264584120251895,0.021238933097177694
Osvaldo Cruz,9,True,,-22.873925555555555,-43.35092222222222,,,0.0,0.5555555555555556,16.84494162384582,21.83413999036295,13.119308679658515,18.632678816653744,14.413950086905077,0.18518518518518517,0.0,0.8888888888888888,0.7777777777777778,0.0,5.0,,0,,,0,277.0,0.4444444444444444,,True,401.0,196.0,0.660885531365603,0.3372845733501471,401.0,,523.5,,1.0,0.0,0.1389721399451922,0.12887156240557596,0.3177791616924095,0.1468819035044127,0.26749523245240964
Paciência,10,True,,-22.914886000000003,-43.632781,,,0.0,0.7,43.65309063460172,49.36472844546219,41.57810727686866,47.46475610290277,20.49450685631909,0.12000000000000002,0.1,0.6,0.3,0.1,1.5,,0,,,0,0.0,0.1,,False,326.5,220.5,0.7775582138775446,0.3784246575342466,252.0,,714.5,37.0,1.0,0.0,0.11491921448956592,0.1838257005182865,0.05985226666105764,0.32798594752881177,0.21341687080227825
Padre Miguel,11,True,,-22.88275181818182,-43.45055181818182,0.16,0.155,0.9090909090909091,0.45454545454545453,25.709213686633426,31.17712793123139,22.805969278199914,28.58012952344592,14.376084307106629,0.12396694214876033,0.0,0.6363636363636364,0.36363636363636365,0.0,1.0,29.347826086956523,4,193.5,193.5,4,277.0,0.36363636363636365,1.0,True,112.0,83.5,3.1449437134334213,0.8718764317036455,107.0,,120.0,,0.6363636363636364,0.36363636363636365,0.0963533883825385,0.13473835492688777,0.19822506808342635,0.27724332786333244,0.202530769834724
Paquetá,32,True,,-22.75569125,-43.1079096875,0.5328571428571428,0.29,5.1875,0.625,24.205287134811776,22.106017873514823,21.423113166971284,18.0820073778849,13.296173424525033,0.048828125,0.0,0.375,0.40625,0.0,1.0,12.5,21,802.0,802.0,21,270.5,0.28125,1.0,False,252.0,203.0,0.5702097195796167,0.28777455423847,300.0,,246.0,70.0,0.34375,0.5,0.018071852329294535,0.16347351079507563,0.021430986082544845,0.2511563316609098,0.20211731913217523
Parada de Lucas,5,True,,-22.818106,-43.303646,2.6,2.6,8.2,0.8,17.674561820540163,21.141367144752614,12.893555246817915,16.67150291063803,9.730508634832264,0.20000000000000004,0.0,1.0,0.0,0.0,1.0,15.769230769230768,1,2419.0,2419.0,1,276.0,0.4,1.0,True,80.0,48.0,1.34160055260287,0.5119070667957406,99.0,,64.0,,0.8,0.0,0.24494437889871667,0.08777723016086399,0.09197889064113579,0.19825486707983608,0.17704463321944747
Parque Anchieta,11,True,,-22.831602727272728,-43.402834545454546,0.066,0.02,0.6363636363636364,0.45454545454545453,23.77710817972883,28.54032010278263,19.764205099345315,24.94814109992871,19.53955041704882,0.15702479338842973,0.0,0.7272727272727273,0.45454545454545453,0.0,2.0,50.0,5,135.0,135.0,5,0.0,0.18181818181818182,1.0,False,150.0,182.5,1.6604696018133458,0.64257185030824,252.0,,150.0,54.0,0.5454545454545454,0.45454545454545453,0.2829942819707954,0.0805661692802321,0.1715211506676588,0.15876203156677776,0.1243381846963541
Parque Colúmbia,1,True,,-22.81446,-43.33546,,,0.0,1.0,19.93577590120084,23.83583040448049,15.311121168904519,19.566577236877066,12.960864648887894,1.0,0.0,1.0,0.0,0.0,1.0,,0,,,0,2.0,0.0,,False,198.0,0.0,,,198.0,,,,1.0,0.0,0.0,0.5316518930083741,0.09130384289803678,0.0,0.3770442640935891
Pavuna,6,True,,-22.81570333333333,-43.371,0.15,0.15,0.16666666666666666,0.6666666666666666,22.65981520329996,26.97223627306627,18.273296460605685,22.94733000571376,16.738277364493452,0.16666666666666669,0.0,0.8333333333333334,0.16666666666666666,0.16666666666666666,1.5,6.666666666666667,1,252.0,252.0,1,1.5,0.0,1.0,False,300.0,168.75,0.8532907634928538,0.3716028840820854,300.0,,265.0,,0.8333333333333334,0.16666666666666666,0.003494790281506784,0.02627718069411766,0.2467457275463245,0.1745763749541752,0.04890592652387583
Pechincha,73,True,,-22.931804246575343,-43.354990958904104,0.2945,0.23,0.9315068493150684,0.6027397260273972,15.01688502607156,20.68743421592902,12.978669490712559,18.877435967852115,8.107508361253112,0.01519984987802589,0.0,0.1232876712328767,0.2465753424657534,0.0273972602739726,2.0,8.695652173913043,20,284.0,260.0,20,275.0,0.3835616438356164,1.0923076923076922,True,286.0,653.0,1.0988260968038819,0.5254734349252965,498.0,,166.0,233.0,0.726027397260274,0.2465753424657534,0.1426989161134212,0.08742685757735448,0.21780997328951524,0.23260759529516084,0.2509635070396168
Pedra de Guaratiba,15,True,,-23.002832,-43.63565866666667,0.3325,0.33499999999999996,0.8666666666666667,0.6666666666666666,43.9184910694679,49.643973195267634,42.75424983512333,48.60350107419304,17.554644797705386,0.10222222222222224,0.0,0.5333333333333333,0.4666666666666667,0.0,2.0,9.973045822102426,4,156.25,156.25,4,277.0,0.4,1.0,True,300.0,462.0,0.9527340998481627,0.4840483383685801,434.5,,80.0,,0.7333333333333333,0.26666666666666666,0.10163638182202947,0.05705723197038159,0.1535181123900167,0.3915709002511671,0.09621737356640517
Penha,21,True,,-22.837565238095237,-43.27495952380952,0.5171428571428571,0.315,11.571428571428571,0.38095238095238093,14.26451682339212,17.456053673866734,9.470485976682577,12.971018466351598,6.658774927436368,0.06575963718820861,0.0,0.42857142857142855,0.5238095238095238,0.0,1.0,34.474474474474476,14,909.5,909.5,14,275.0,0.3333333333333333,1.0,True,91.0,128.0,1.6112290449387086,0.5273242350507223,190.0,,75.0,,0.3333333333333333,0.5238095238095238,0.09167002088055852,0.06038475767216795,0.024049835047601498,0.3162328131295211,0.07909114469872236
Penha Circular,4,True,,-22.8403375,-43.2954575,0.07666666666666666,0.02,2.25,0.75,15.16278198893481,18.805690296228853,10.404038289880916,14.54754024585802,8.859894718946208,0.25,0.0,1.0,0.25,0.0,1.5,50.0,3,126.0,126.0,3,344.5,0.5,1.0,True,184.0,128.75,0.4878628449940355,0.22639484978540772,241.0,,79.0,,0.25,0.75,0.0,0.25072693160284304,0.24927306839715696,0.0,0.0
Piedade,15,True,,-22.885932,-43.307766,0.095,0.095,0.13333333333333333,0.4,12.36721836426779,17.236196673293815,8.503658315001568,14.056163906763185,11.623766866912947,0.06666666666666667,0.0,0.3333333333333333,0.06666666666666667,0.0,2.0,27.941176470588236,2,90.25,90.25,2,185.0,0.4666666666666667,1.0,True,182.0,415.5,0.7636382517252133,0.3955703211517165,432.0,,150.0,,0.8666666666666667,0.13333333333333333,0.3152717700792114,0.11084737267764806,0.16028271152058504,0.1430311387429946,0.2039003403128942
Pilares,8,True,,-22.87955125,-43.29459625,0.5266666666666667,0.28,5.25,0.375,11.98563411751585,16.470144238573532,7.704664141763257,12.877401477505455,10.098946825250934,0.125,0.0,0.625,0.125,0.0,1.0,46.42857142857142,3,455.0,455.0,3,11.0,0.0,1.0,False,80.5,127.0,1.0308854552646705,0.46975497702909647,70.0,,91.0,,0.625,0.125,0.14838292963212557,0.10530102842164832,0.14778208907891618,0.13108319598889595,0.21745075687841398
Pitangueiras,4,True,,-22.8161525,-43.17883,0.05,0.05,1.0,0.5,15.510955490914224,15.04753275748702,11.976702651371681,10.151182465338692,3.574554312859629,0.25,0.0,1.0,0.0,0.0,3.0,41.66666666666667,2,358.0,358.0,2,193.5,0.5,1.0,True,171.0,69.75,0.4590342721861288,0.21907993966817496,219.5,,155.0,69.0,0.5,0.5,0.22555821450411112,0.15682470576932173,0.006681868087596632,0.017146830187224012,0.09378838145174649
Portuguesa,26,True,,-22.799984615384616,-43.20762192307692,0.9192857142857144,0.52,11.192307692307692,0.3076923076923077,16.896541377124706,17.42711088497367,12.670913012928706,12.372919939420736,3.3544233988034113,0.07396449704142011,0.0,0.4230769230769231,0.4230769230769231,0.038461538461538464,1.0,13.507960965588083,14,391.0,391.0,14,25.0,0.4230769230769231,1.0,True,109.0,101.25,1.0819611791384254,0.4964490614381997,455.0,,107.0,69.5,0.46153846153846156,0.3076923076923077,0.10809753850969263,0.046142461629050655,0.12333105651498796,0.20229058407571815,0.4047537438859352
Praia da Bandeira,2,True,,-22.80735,-43.179100000000005,,,0.0,0.5,16.392665684365085,15.974050702945975,12.781090116386242,11.07788358764379,4.04406011274885,0.5,0.0,1.0,0.5,0.0,1.5,,0,,,0,182.5,0.5,,True,1679.5,1497.5,1.260961482377916,0.4458172075022328,3177.0,,182.0,,1.0,0.0,0.20176601529087648,0.01267254146815712,0.4195846936111221,0.17835261980429395,0.18762412982555038
Praça Seca,34,True,,-22.897990588235295,-43.35020529411764,0.1809090909090909,0.19,1.088235294117647,0.47058823529411764,15.38386291754166,20.730515308837468,12.307627369414222,18.11887078588881,11.86175971580766,0.04325259515570934,0.0,0.29411764705882354,0.29411764705882354,0.0,1.0,18.181818181818183,11,183.0,183.0,11,230.5,0.35294117647058826,1.0,True,120.0,292.75,1.18932548747636,0.5489422983570835,349.0,,96.0,1606.0,0.6764705882352942,0.2647058823529412,0.17560624758616483,0.04940008985740688,0.22377253568401678,0.22887190036407346,0.26352569709657336
Praça da Bandeira,78,True,,-22.912513974358973,-43.21330256410256,0.5037037037037037,0.26,2.576923076923077,0.5641025641025641,4.413144413293049,7.247255591750455,1.7907304449680757,4.162315424478073,4.0255629022209565,0.01479289940828402,0.0,0.1282051282051282,0.20512820512820512,0.038461538461538464,2.0,16.666666666666668,27,306.0,306.0,27,277.0,0.4230769230769231,1.0,True,198.0,501.0,1.521534317605912,0.5769180924142184,401.0,80.0,132.0,198.0,0.6538461538461539,0.21794871794871795,0.10004381731649842,0.1253706402982703,0.10904078915236501,0.2566395480705776,0.33198212823921175
Quintino Bocaiúva,11,True,,-22.887132727272725,-43.318084545454546,0.07333333333333333,0.06,0.6363636363636364,0.36363636363636365,13.203507626793336,18.09752166828972,9.415393326350946,15.045520196712001,12.66022172688288,0.09090909090909091,0.0,0.45454545454545453,0.09090909090909091,0.0,1.0,27.272727272727273,3,225.0,225.0,3,277.0,0.45454545454545453,1.0,True,236.0,661.5,1.3537281503243015,0.6222090788111785,1052.0,,174.0,48.0,0.7272727272727273,0.2727272727272727,0.13009268511930827,0.03500712813816781,0.1406256752425735,0.25152820840187967,0.260928121279889
Ramos,11,True,,-22.85543909090909,-43.25728545454546,0.47333333333333333,0.49,1.6363636363636365,0.45454545454545453,11.512072910151325,14.757804292473462,6.664760480281505,10.356823643028946,5.625953299420835,0.14049586776859505,0.0,0.6363636363636364,0.36363636363636365,0.0,2.0,9.75609756097561,3,204.0,204.0,3,1.0,0.09090909090909091,1.0,False,268.0,363.5,2.28043151557125,0.8141206082087511,348.0,,59.0,102.0,0.7272727272727273,0.0,0.0019541636673998572,0.11136558718078428,0.044821586931262786,0.17972662895018424,0.11667748781582342
Realengo,13,True,,-22.881375384615385,-43.428587692307694,0.41,0.21,0.9230769230769231,0.6153846153846154,23.392108704643146,28.847297834311203,20.47635716461532,26.259297389438593,14.113218224566207,0.14792899408284027,0.0,0.6153846153846154,0.3076923076923077,0.07692307692307693,1.0,47.61904761904762,3,400.0,400.0,3,42.0,0.23076923076923078,1.0,False,123.0,216.0,2.108869553245804,0.7227970425220103,225.5,,83.0,37.0,0.7692307692307693,0.07692307692307693,0.10828454326820551,0.1198312763274819,0.2171178472825181,0.22500322565818603,0.09899387669437765
Recreio dos Bandeirantes,1685,False,,-23.018953548961424,-43.47040123442137,0.44929155313351493,0.23,4.123442136498516,0.7495548961424332,27.870397464390503,33.48098852767995,27.531233692740944,33.1471689550819,1.3244796514894095,0.0010280974561720187,0.03857566765578635,0.03323442136498516,0.30089020771513353,0.018397626112759646,2.0,21.071176885130374,734,1077.0,1044.0,734,209.0,0.3483679525222552,1.0316091954022988,True,381.0,739.0,1.9257851336672316,0.5944501477718188,498.0,118.0,182.0,101.0,0.5643916913946587,0.34183976261127597,0.15837614112639473,0.06353501944586902,0.18145466149775347,0.2735949545747843,0.18891459427507984
Riachuelo,26,True,,-22.901997692307695,-43.25544153846154,0.19714285714285712,0.12,0.5769230769230769,0.5769230769230769,7.180221166440031,11.61603827828435,2.856118826090778,8.497485508187573,7.500113897683546,0.04733727810650888,0.0,0.2692307692307692,0.19230769230769232,0.0,1.0,22.22222222222222,7,214.0,214.0,7,96.5,0.2692307692307692,1.0,False,414.5,484.75,0.895215477182778,0.469727679884926,551.0,,79.0,,0.7307692307692307,0.2692307692307692,0.09014139124492064,0.08250101467606447,0.1661878480013962,0.2092210138959894,0.336564116797014
Ribeira,3,True,,-22.82344,-43.17089000000001,1.59,1.59,6.666666666666667,0.6666666666666666,14.84965964015478,14.077169647592342,11.652837304384361,9.226134573046407,4.052749009649916,0.3333333333333333,0.0,1.0,0.0,0.0,2.0,12.578616352201257,1,1280.0,1280.0,1,11.0,0.0,1.0,False,278.0,86.0,0.39774218532896094,0.16241737488196412,214.0,,278.0,,0.6666666666666666,0.0,0.03499444675810399,0.08752163557420933,0.39336705543846867,0.40482267133905053,0.07929419089016751
Ricardo de Albuquerque,6,True,,-22.83903666666667,-43.39792333333333,,,0.0,0.6666666666666666,22.942123457036754,27.797263259906607,19.02873660106199,24.281225498197223,18.674606332365094,0.16666666666666669,0.0,0.8333333333333334,0.16666666666666666,0.0,1.0,,0,,,0,275.5,0.3333333333333333,,True,765.0,696.25,0.8173305151097785,0.40513177985793003,800.0,,650.5,,1.0,0.0,0.22838605549145177,0.04575942340353631,0.38424026924560056,0.09703208594134183,0.2445821659180695
Rio Comprido,119,False,,-22.92416907563025,-43.20904050420168,0.37317073170731707,0.24,2.563025210084034,0.47058823529411764,3.168399474719126,6.4174366604946975,2.397635231350649,4.163763704888643,3.753889614878081,0.012640350257750163,0.008403361344537815,0.15126050420168066,0.2857142857142857,0.04201680672268908,2.0,17.91044776119403,41,175.0,175.0,41,204.0,0.3865546218487395,1.0,True,185.0,404.5,1.1072667635120892,0.5329339803504256,402.0,,102.0,268.0,0.6554621848739496,0.2605042016806723,0.13286819331069363,0.08765055913408042,0.11368867142465115,0.2529649942081398,0.2447603550316787
Rocha,26,True,,-22.901487307692307,-43.248521153846156,0.20333333333333334,0.165,0.5384615384615384,0.5384615384615384,6.754619178722372,11.00687754455004,2.2346165385025025,7.798453918623501,6.859307639036642,0.053254437869822494,0.0,0.34615384615384615,0.34615384615384615,0.038461538461538464,1.0,13.247863247863247,6,144.0,144.0,6,1.0,0.2692307692307692,1.0,False,246.5,379.0,0.958041532817506,0.46024210164835166,400.0,,122.0,70.0,0.7692307692307693,0.19230769230769232,0.05385519127323256,0.1276801717354445,0.09421290231887504,0.24383092355922595,0.4034977341901451
Rocha Miranda,3,True,,-22.850579999999997,-43.347946666666665,0.05,0.05,0.3333333333333333,0.6666666666666666,18.353853637253227,22.918160299500546,14.148816531727224,19.20437822327477,14.322494745260386,0.3333333333333333,0.0,1.0,0.0,0.0,1.0,20.0,1,50.5,50.5,1,0.0,0.3333333333333333,1.0,True,300.0,348.5,0.8983228797347154,0.38754517653600223,449.5,,300.0,,0.6666666666666666,0.3333333333333333,0.2879316213208825,0.01589968574025297,0.30946466520904736,0.0390077252731853,0.014362969123298494
Rocinha,24,True,,-22.988756666666664,-43.24860125,0.164,0.16,0.75,0.5,5.859325919606475,10.80963382602563,8.777024622085847,12.163815588680364,0.5001960439275861,0.06597222222222221,0.0,0.375,0.375,0.16666666666666666,2.5,17.64705882352941,5,3600.0,682.5,5,129.0,0.375,5.274725274725275,True,213.0,626.25,1.517487549849887,0.641451878256101,750.0,,102.0,69.0,0.7916666666666666,0.16666666666666666,0.2839080549053811,0.1394429798319023,0.04383157922618804,0.2630052983158657,0.1864787543873295
Sampaio,13,True,,-22.90152846153846,-43.26130538461538,0.21,0.09,3.5384615384615383,0.3076923076923077,7.662443105183298,12.238913143644966,3.5119670267245784,8.972119935303278,8.170882895545832,0.1124260355029586,0.0,0.5384615384615384,0.38461538461538464,0.0,2.0,46.42857142857142,7,696.0,696.0,7,185.0,0.23076923076923078,1.0,False,107.0,203.0,1.3425137894403028,0.5169826833153487,249.0,,86.0,80.0,0.46153846153846156,0.46153846153846156,0.010691891188418061,0.08888327843111636,0.12234422687880414,0.37337782908667755,0.327779697491907
Santa Cruz,21,True,,-22.906438095238094,-43.67451142857143,0.2075,0.04,1.1904761904761905,0.5238095238095238,47.343931857974425,52.97504036818994,44.847298740631544,50.67366857530915,25.050019279425772,0.06122448979591835,0.0,0.3333333333333333,0.23809523809523808,0.0,1.0,31.7351598173516,4,274.0,274.0,4,4.0,0.19047619047619047,1.0,False,252.0,193.0,1.3139127273616042,0.5559263121306917,252.0,,194.0,144.5,0.8095238095238095,0.14285714285714285,0.09351218883511969,0.17502411844467133,0.15401749337240847,0.21213919500117737,0.12721176625138503
Santa Teresa,1165,False,,-22.92065974248927,-43.18656442918455,0.4656527590847914,0.23,10.014592274678112,0.5047210300429185,4.482857821504422,4.626722139570894,4.665884617513738,1.953546403112774,1.272411111465527,0.0018898856121866306,0.03862660944206009,0.04034334763948498,0.4669527896995708,0.018025751072961373,2.0,28.57142857142857,743,728.0,691.0,743,186.0,0.30472103004291845,1.0535455861070913,True,182.0,246.0,4.264808044850436,0.7276893199338921,249.0,309.5,122.0,91.0,0.3622317596566524,0.5030042918454936,0.2523167223824508,0.10784217185917752,0.047278703258979426,0.24091430068643202,0.14821462541811048
Santo Cristo,17,True,,-22.90145529411765,-43.202085294117644,0.20428571428571432,0.11,1.3529411764705883,0.35294117647058826,5.666360726803483,7.222380858161312,3.1565011873260818,2.95854339472856,2.4571857938840926,0.10034602076124566,0.058823529411764705,0.47058823529411764,0.35294117647058826,0.0,1.0,18.181818181818183,7,207.0,207.0,7,87.0,0.35294117647058826,1.0,True,252.0,203.0,2.390238486593586,0.7510085913560055,286.5,,249.0,37.0,0.5882352941176471,0.4117647058823529,0.19750225144496295,0.05327039569937737,0.1125906961089496,0.3132574213575315,0.32337923538917857
Santíssimo,7,True,,-22.87546,-43.52463,0.22666666666666666,0.07,1.5714285714285714,0.42857142857142855,33.65091394149528,39.08855186029092,30.62860883517978,36.328371759618506,17.119301493579886,0.14285714285714285,0.0,0.7142857142857143,0.14285714285714285,0.0,1.0,15.789473684210527,3,119.0,119.0,3,0.0,0.14285714285714285,1.0,False,238.0,377.5,0.6395880127206192,0.32383342295512935,238.0,,209.0,600.0,0.5714285714285714,0.2857142857142857,0.0237384081621519,0.19426497003837978,0.20809516761953353,0.1741922688416689,0.11399489962398016
Saúde,33,True,,-22.898572424242424,-43.184905757575756,0.39631578947368423,0.23,2.6363636363636362,0.5151515151515151,6.467865928542866,6.480697198778499,4.853198078080329,1.6382749924689792,0.7765256459052575,0.06519742883379247,0.24242424242424243,0.42424242424242425,0.5454545454545454,0.0,1.0,14.285714285714285,19,380.0,380.0,19,187.0,0.3939393939393939,1.0,True,246.0,397.0,2.4795231015269317,0.8080979762417179,498.0,283.5,98.5,,0.42424242424242425,0.45454545454545453,0.24647940599992116,0.1271306776886657,0.05663108952086191,0.2720415774227898,0.17650512815564018
Senador Camará,5,True,,-22.884756,-43.495466,0.03,0.03,0.4,0.6,29.79662709422521,35.299379322392475,26.957573591294448,32.7330038417983,15.27592454610196,0.20000000000000004,0.0,1.0,0.0,0.0,1.0,66.66666666666667,1,32.0,32.0,1,275.0,0.2,1.0,False,96.0,150.0,1.5849297283604258,0.631659249841068,198.0,,32.0,48.0,0.8,0.2,0.11088841538704497,0.21853813542965472,0.08019982106463992,0.19271392092190828,0.19765970719675213
Senador Vasconcelos,7,True,,-22.895028571428572,-43.53160428571429,1.0,0.855,6.0,0.7142857142857143,33.63786868089509,39.24830072327182,31.119492822966404,36.960838945190496,15.373132999394,0.18367346938775508,0.0,0.8571428571428571,0.5714285714285714,0.0,1.0,13.223938223938223,4,288.0,288.0,4,1.0,0.2857142857142857,1.0,False,91.0,62.0,0.5605408976960394,0.27762456333884905,91.0,,95.5,,0.42857142857142855,0.14285714285714285,0.034919797486508655,0.17400647847711562,0.06147249439100818,0.3307403834391973,0.25600370334902733
Sepetiba,8,True,,-22.978305,-43.69443,0.045,0.045,0.25,0.375,49.38481117420958,55.12516855334685,47.925727805040765,53.81257021253052,23.710212014312614,0.125,0.0,0.625,0.125,0.0,1.5,25.0,2,310.5,310.5,2,188.0,0.5,1.0,True,152.0,233.5,0.9337612540915158,0.4619448903156768,249.0,,112.0,37.0,0.75,0.25,0.04446465153936041,0.12658544069638372,0.05215940481159376,0.4571156200411058,0.3196748829115563
São Conrado,242,False,,-22.995448719008262,-43.26250913223141,0.2347311827956989,0.15,1.6363636363636365,0.5826446280991735,6.951985365080876,11.888031028394538,9.788141352933106,13.244289294716042,0.3474803454565333,0.008162010791612596,0.11570247933884298,0.1115702479338843,0.4834710743801653,0.004132231404958678,2.0,17.64705882352941,93,756.0,756.0,93,53.0,0.2727272727272727,1.0,False,498.0,1572.0,2.5299899303083233,0.743586645822556,1202.0,,252.0,80.0,0.6157024793388429,0.34297520661157027,0.2378019406168951,0.08235902921829766,0.11692715616841373,0.2813845208954716,0.16582487376207888
São Cristóvão,97,True,,-22.900292680412374,-43.2218218556701,0.37227272727272726,0.26,5.278350515463917,0.5257731958762887,5.777711969892895,8.817436056016753,1.4611524400078792,5.005243949166739,4.353210780988064,0.014560527154851741,0.05154639175257732,0.15463917525773196,0.25773195876288657,0.041237113402061855,2.0,34.72222222222223,44,886.5,628.5,44,185.0,0.31958762886597936,1.4105011933174225,True,198.0,433.0,1.3434608905906191,0.5764838372097234,302.0,,150.0,102.0,0.5463917525773195,0.31958762886597936,0.14768326838133855,0.10861496506021223,0.125902027772608,0.25954604083970356,0.2860887494925294
São Francisco Xavier,31,True,,-22.90526741935484,-43.24297322580645,0.7350000000000001,0.5,5.67741935483871,0.6129032258064516,6.190614576474455,10.321157265362672,1.5461205260319004,7.205643858433289,6.4797424577839555,0.036420395421435985,0.0,0.22580645161290322,0.25806451612903225,0.03225806451612903,1.0,16.611479028697573,10,713.75,713.75,10,258.0,0.45161290322580644,1.0,True,321.0,574.0,1.0435415433638247,0.5301910446989574,699.0,,198.0,,0.6774193548387096,0.25806451612903225,0.04832364639222519,0.09835189609545686,0.16961995633258417,0.22910827864553499,0.3900800935019408
Tanque,30,True,,-22.917249,-43.36217833333333,0.092,0.1,0.6666666666666666,0.5666666666666667,15.898423848119588,21.47630768680225,13.550416533038165,19.43801084337545,9.721318047287895,0.03777777777777778,0.0,0.23333333333333334,0.16666666666666666,0.03333333333333333,1.0,50.0,5,467.5,467.5,5,185.5,0.4,1.0,True,199.5,299.75,1.1898161622896313,0.5313159389103081,302.0,,114.5,201.0,0.8333333333333334,0.13333333333333333,0.07488271997152703,0.10047434749229206,0.2425287947151042,0.2876248264612137,0.2611559780265297
Taquara,189,False,,-22.924675608465606,-43.37850455026455,0.3080701754385965,0.2,1.6507936507936507,0.5238095238095238,17.230200961188146,22.840477259775348,15.041488121414513,20.93355752109929,8.923244981132672,0.006858710562414265,0.015873015873015872,0.08465608465608465,0.23809523809523808,0.015873015873015872,2.0,17.857142857142858,57,253.5,253.5,57,258.0,0.3544973544973545,1.0,True,201.0,396.0,3.051545581146475,0.7118660364320544,302.0,102.0,148.0,195.5,0.6984126984126984,0.25396825396825395,0.05513459851510734,0.1283157381666388,0.23373392246999083,0.19044475271052555,0.23364082940757874
Tauá,14,True,,-22.797345714285715,-43.18647285714286,0.4042857142857143,0.42,2.5714285714285716,0.5,17.306865213054436,17.16317649955355,13.522440806509369,12.213457536345828,4.370073910853794,0.07142857142857142,0.0,0.35714285714285715,0.0,0.0,1.0,13.72549019607843,7,182.0,182.0,7,309.5,0.5,1.0,True,160.5,280.0,0.9571062177171946,0.457543468384752,252.0,,88.5,79.0,0.5,0.35714285714285715,0.11897513180518375,0.15523367004313662,0.14519609623701762,0.29583223682037385,0.14190572223714523
Tijuca,726,False,,-22.925952190082647,-43.23119541322314,0.39420689655172414,0.195,3.816804407713499,0.4201101928374656,3.7599522383408033,8.34943301673396,1.7403994520583952,6.3139165527475996,5.865352829627568,0.0020945745964528837,0.009641873278236915,0.04132231404958678,0.2892561983471074,0.026170798898071626,2.0,28.174603174603174,290,375.0,367.25,290,275.0,0.40633608815426997,1.0211027910142954,True,198.0,470.25,2.690843588473186,0.6345633723161005,551.0,,127.0,102.0,0.6005509641873278,0.3209366391184573,0.13689407869886505,0.08636588391186993,0.11238237208184601,0.21484953902175397,0.33931528882010037
Todos os Santos,42,True,,-22.895891666666664,-43.28610428571429,0.11500000000000002,0.04,1.0714285714285714,0.40476190476190477,9.998245477368734,14.785817144971382,6.066455925097926,11.740058974183494,10.015873719335758,0.03287981859410431,0.0,0.2619047619047619,0.2619047619047619,0.023809523809523808,1.5,50.0,18,193.5,193.5,18,2.0,0.2619047619047619,1.0,False,184.5,270.0,1.904302590672233,0.6455861796244183,380.0,,118.0,167.0,0.5714285714285714,0.40476190476190477,0.13373644185903844,0.05852651529749366,0.29467986946267405,0.16230841907268856,0.2078916114509624
Tomás Coelho,7,True,,-22.868097142857145,-43.30641714285714,0.45499999999999996,0.07,2.142857142857143,0.5714285714285714,13.550782299467086,18.082464288102347,9.307285385510399,14.472052387469532,10.842256377122855,0.14285714285714285,0.0,0.7142857142857143,0.0,0.0,1.0,21.212121212121215,4,157.5,157.5,4,3.0,0.14285714285714285,1.0,False,90.0,232.5,1.3328013166392783,0.5614213197969543,302.5,,70.0,,0.42857142857142855,0.5714285714285714,0.009783564193500804,0.16800749684916488,0.15413017539242893,0.18998274842180904,0.47809601514309635
Urca,143,False,,-22.948767062937062,-43.16489951048951,0.538125,0.26,9.86013986013986,0.7132867132867133,4.873257272852978,0.9559243286113812,7.888712890048101,4.706078130944122,0.26273565114289604,0.00914470145239376,0.006993006993006993,0.0979020979020979,0.35664335664335667,0.0,3.0,27.443609022556387,80,1587.0,1587.0,80,224.0,0.3076923076923077,1.0,True,302.0,451.0,1.7119660664588499,0.6171033249158249,401.0,,171.5,102.0,0.4405594405594406,0.42657342657342656,0.3207642760070284,0.09313133441266919,0.07428709645685644,0.27317371672314994,0.11276945052617014
Vargem Grande,123,False,,-22.982138455284552,-43.49541089430895,0.19741935483870968,0.12,0.8861788617886179,0.6341463414634146,29.21536073930929,34.95642457268186,28.01153249064461,33.848003103663466,5.238114540229965,0.015004296384427265,0.07317073170731707,0.16260162601626016,0.3089430894308943,0.0,1.0,18.181818181818183,31,396.0,396.0,31,207.0,0.4146341463414634,1.0,True,353.0,902.5,1.5961944316948853,0.6331808833090279,798.0,,141.5,182.0,0.7479674796747967,0.21951219512195122,0.12558132592672938,0.08886387276018463,0.1909764867613877,0.21731262530174736,0.23092422583531674
Vargem Pequena,189,False,,-22.987412857142857,-43.45839592592592,0.29766666666666663,0.12,1.2592592592592593,0.5873015873015873,25.662909871413348,31.384435823158555,24.8301726725367,30.574657022477634,3.32012212295031,0.01156182637664119,0.07936507936507936,0.14285714285714285,0.35978835978835977,0.026455026455026454,2.0,18.046132971506104,60,343.5,343.5,60,98.0,0.3386243386243386,1.0,True,300.0,649.0,2.5088865568457464,0.6486662027666165,402.0,54.0,217.0,96.5,0.6825396825396826,0.2804232804232804,0.1259205177156484,0.06120102902177539,0.2152847062261283,0.21955501646096415,0.2616366141733673
Vasco da Gama,12,True,,-22.895168333333334,-43.224685,0.27666666666666667,0.36,1.1666666666666667,0.16666666666666666,6.459171017227753,9.38059180694744,1.9313034852006041,5.547252631696392,4.426469882396736,0.2916666666666665,0.5,0.8333333333333334,0.5833333333333334,0.0,1.0,22.5,3,216.0,216.0,3,1.0,0.0,1.0,False,147.5,69.75,0.7121519217487782,0.30389375966993293,348.0,,150.0,102.0,0.75,0.25,0.06557710747959229,0.14558841829015837,0.06665166739110354,0.25636465636869954,0.4658181504704462
Vaz Lobo,3,True,,-22.858693333333335,-43.32601666666667,,,0.0,0.3333333333333333,15.819267907487125,20.265318874558293,11.508000687633896,16.52388542716509,12.206006550489285,0.3333333333333333,0.0,1.0,0.0,0.0,1.0,,0,,,0,3.0,0.3333333333333333,,True,1001.0,519.0,0.6019669894012408,0.26222053808260704,1338.0,,650.5,,1.0,0.0,0.0075891545229580795,0.0255872250077451,0.016059824801107892,0.15983163572771977,0.4575988266071358
Vicente de Carvalho,8,True,,-22.85456,-43.31277375,,,0.0,0.625,15.264315522919645,19.466698318348598,10.774275976071324,15.54894854928785,10.777624390315136,0.125,0.0,0.625,0.0,0.125,1.5,,0,,,0,284.5,0.5,,True,498.0,1548.25,1.0423328941375423,0.5196358589157414,1599.0,,48.0,,1.0,0.0,0.11003762731487894,0.14762332882002993,0.24588014977514358,0.1823203268493061,0.06413856724064146
Vidigal,170,False,,-22.994178352941177,-43.23670482352941,0.5241860465116279,0.25,11.25294117647059,0.5176470588235295,5.432943392925045,9.781397748449178,9.176806195533285,11.726233981131607,0.3698058867268645,0.017370242214532868,0.08823529411764706,0.21764705882352942,0.5117647058823529,0.01764705882352941,2.0,25.108225108225106,86,828.5,774.5,86,185.0,0.3058823529411765,1.0697224015493867,True,182.0,293.25,3.4416313757344867,0.8496439896567345,275.5,,150.0,59.0,0.49411764705882355,0.3764705882352941,0.2718778990904808,0.06372640729728032,0.057490991897433695,0.30998149405327197,0.1204526194262391
Vigário Geral,3,True,,-22.813,-43.31375333333333,0.07,0.07,0.3333333333333333,1.0,18.327719178634116,21.900944326175896,13.577660697310288,17.472872535430792,10.59321409872171,0.3333333333333333,0.3333333333333333,1.0,0.6666666666666666,0.0,3.0,14.285714285714285,1,53.0,53.0,1,185.0,0.3333333333333333,1.0,True,106.0,117.5,0.8127471347714755,0.34132171387073346,106.0,,,,0.6666666666666666,0.3333333333333333,0.3229625127343088,0.01924274477735204,0.08362855943360396,0.14241626731800047,0.0984165824034014
Vila Isabel,267,False,,-22.915942696629212,-43.24439460674157,0.320609756097561,0.14,2.0299625468164795,0.4606741573033708,5.442334735465881,9.87949290466595,1.4317755924344302,7.228211408798067,6.937222210872436,0.004727237021139307,0.00749063670411985,0.04868913857677903,0.2696629213483146,0.0149812734082397,1.0,27.92207792207792,82,322.75,319.0,82,275.0,0.42696629213483145,1.011755485893417,True,198.0,493.5,1.7692932526937304,0.6160547154464243,498.0,,118.0,75.0,0.6928838951310862,0.2546816479400749,0.0927232880539169,0.07388423162424856,0.1369258333349877,0.21566470235420956,0.36844239407083945
Vila Kosmos,4,True,,-22.8513175,-43.3051525,0.18,0.18,0.5,0.25,14.893028652060723,18.959973278057063,10.323056220652273,14.944698365582703,10.013224186223198,0.25,0.0,1.0,0.0,0.25,2.0,5.572755417956657,2,645.0,145.0,2,365.0,0.75,4.448275862068965,True,72.0,18.5,0.1717211728178567,0.07885906040268456,80.0,,64.0,,0.5,0.5,0.0,0.23754545618759002,0.06693285422876476,0.11740045636795071,0.07812123321569453
Vila Militar,3,True,,-22.86975,-43.40213,1.015,1.015,15.333333333333334,1.0,21.345920505392737,26.65897379106705,18.12724403011927,23.82457591804607,14.327877490292094,0.3333333333333333,0.0,1.0,0.0,0.0,1.0,25.349891582889807,2,2579.0,2579.0,2,262.0,0.3333333333333333,1.0,True,80.0,1576.5,1.624309403674267,0.6272754401671143,80.0,,,,0.3333333333333333,0.0,0.12165863645094287,0.03526528333383018,0.0177227007508142,0.18259432964994826,0.3094257164811312
Vila Valqueire,16,True,,-22.885300625,-43.368485625,0.25555555555555554,0.13,3.4375,0.5,18.043187314754007,23.310354109698753,14.728957980685486,20.400461348622606,13.244768085500484,0.0703125,0.0,0.375,0.3125,0.0,2.0,31.25,9,337.5,337.5,9,5.0,0.1875,1.0,False,219.5,483.25,1.1056321454361808,0.5237725524992606,589.0,,98.5,,0.4375,0.4375,0.16566775026625166,0.14692010472455586,0.15992134388699228,0.07467873355570986,0.26531206756649034
Vila da Penha,14,True,,-22.84408357142857,-43.31048928571429,0.42166666666666663,0.33499999999999996,1.6428571428571428,0.35714285714285715,15.791994265627784,19.793119447874595,11.219830918574514,15.706618105096416,10.387276998067208,0.0816326530612245,0.0,0.42857142857142855,0.21428571428571427,0.0,1.0,7.699083861874559,6,142.25,142.25,6,28.5,0.21428571428571427,1.0,False,144.5,180.75,1.154463917027184,0.4624337000832858,107.0,,150.0,150.0,0.5714285714285714,0.2857142857142857,0.10260612417259472,0.12352775011331472,0.10634052380422561,0.2716180756036706,0.18162181202048008
Vista Alegre,1,True,,-22.83284,-43.30901,,,0.0,0.0,16.646255193515707,20.443214427311382,11.960943520989954,16.189427896089136,10.142007244727715,1.0,0.0,1.0,0.0,0.0,2.0,,0,,,0,0.0,0.0,,False,80.0,0.0,,,,,80.0,,1.0,0.0,0.0,0.03004302721730964,0.12667294663253376,0.6404213152942498,0.20286271085590696
Água Santa,4,True,,-22.9073025,-43.3071125,0.04,0.04,0.5,0.75,11.027944588985964,16.247278196012715,7.8109699743265715,13.653793612784247,11.188267482298407,0.25,0.0,1.0,0.25,0.0,3.0,50.0,1,128.0,128.0,1,321.5,0.5,1.0,True,324.0,1039.25,1.524053688566889,0.6227179223450758,498.0,,64.0,,0.75,0.25,0.02049554009061449,0.2548312002446141,0.1704584531769487,0.0390060535379705,0.26520875294985224
